Using cpu device
[BC→SAC] Copied 4 parameter tensors from pretraining/bc_policy.pth
[SAC] Starting training — 500,000 timesteps
Logging to ./tb_logs/SAC_4
/home/dinesh/ros2_ws/src/FruitNinja/.venv/lib/python3.10/site-packages/stable_baselines3/common/callbacks.py:419: UserWarning: Training and eval env are not of the same type<stable_baselines3.common.vec_env.subproc_vec_env.SubprocVecEnv object at 0x794bde653a00> != <stable_baselines3.common.vec_env.dummy_vec_env.DummyVecEnv object at 0x794bde653a60>
  warnings.warn("Training and eval env are not of the same type" f"{self.training_env} != {self.eval_env}")
---------------------------------
| rollout/           |          |
|    ep_len_mean     | 500      |
|    ep_rew_mean     | -522     |
| time/              |          |
|    episodes        | 4        |
|    fps             | 407      |
|    time_elapsed    | 4        |
|    total_timesteps | 2000     |
| train/             |          |
|    actor_loss      | -10.5    |
|    critic_loss     | 0.099    |
|    ent_coef        | 0.867    |
|    ent_coef_loss   | -1.44    |
|    learning_rate   | 0.0003   |
|    n_updates       | 474      |
---------------------------------
---------------------------------
| rollout/           |          |
|    ep_len_mean     | 500      |
|    ep_rew_mean     | -522     |
| time/              |          |
|    episodes        | 8        |
|    fps             | 380      |
|    time_elapsed    | 10       |
|    total_timesteps | 4000     |
| train/             |          |
|    actor_loss      | -14.2    |
|    critic_loss     | 0.0376   |
|    ent_coef        | 0.747    |
|    ent_coef_loss   | -2.96    |
|    learning_rate   | 0.0003   |
|    n_updates       | 974      |
---------------------------------
---------------------------------
| rollout/           |          |
|    ep_len_mean     | 500      |
|    ep_rew_mean     | -522     |
| time/              |          |
|    episodes        | 12       |
|    fps             | 362      |
|    time_elapsed    | 16       |
|    total_timesteps | 6000     |
| train/             |          |
|    actor_loss      | -17.2    |
|    critic_loss     | 0.0387   |
|    ent_coef        | 0.642    |
|    ent_coef_loss   | -4.47    |
|    learning_rate   | 0.0003   |
|    n_updates       | 1474     |
---------------------------------
---------------------------------
| rollout/           |          |
|    ep_len_mean     | 500      |
|    ep_rew_mean     | -522     |
| time/              |          |
|    episodes        | 16       |
|    fps             | 354      |
|    time_elapsed    | 22       |
|    total_timesteps | 8000     |
| train/             |          |
|    actor_loss      | -19.4    |
|    critic_loss     | 0.0278   |
|    ent_coef        | 0.553    |
|    ent_coef_loss   | -5.99    |
|    learning_rate   | 0.0003   |
|    n_updates       | 1974     |
---------------------------------
Eval num_timesteps=10000, episode_reward=-500.50 +/- 0.00
Episode length: 500.00 +/- 0.00
---------------------------------
| eval/              |          |
|    mean_ep_length  | 500      |
|    mean_reward     | -501     |
| time/              |          |
|    total_timesteps | 10000    |
| train/             |          |
|    actor_loss      | -20.8    |
|    critic_loss     | 0.0204   |
|    ent_coef        | 0.476    |
|    ent_coef_loss   | -7.5     |
|    learning_rate   | 0.0003   |
|    n_updates       | 2474     |
---------------------------------
New best mean reward!
---------------------------------
| rollout/           |          |
|    ep_len_mean     | 500      |
|    ep_rew_mean     | -521     |
| time/              |          |
|    episodes        | 20       |
|    fps             | 297      |
|    time_elapsed    | 33       |
|    total_timesteps | 10000    |
---------------------------------
---------------------------------
| rollout/           |          |
|    ep_len_mean     | 500      |
|    ep_rew_mean     | -521     |
| time/              |          |
|    episodes        | 24       |
|    fps             | 293      |
|    time_elapsed    | 40       |
|    total_timesteps | 12000    |
| train/             |          |
|    actor_loss      | -21.5    |
|    critic_loss     | 0.0235   |
|    ent_coef        | 0.41     |
|    ent_coef_loss   | -9.03    |
|    learning_rate   | 0.0003   |
|    n_updates       | 2974     |
---------------------------------
---------------------------------
| rollout/           |          |
|    ep_len_mean     | 500      |
|    ep_rew_mean     | -521     |
| time/              |          |
|    episodes        | 28       |
|    fps             | 291      |
|    time_elapsed    | 48       |
|    total_timesteps | 14000    |
| train/             |          |
|    actor_loss      | -21.8    |
|    critic_loss     | 0.0135   |
|    ent_coef        | 0.353    |
|    ent_coef_loss   | -10.5    |
|    learning_rate   | 0.0003   |
|    n_updates       | 3474     |
---------------------------------
---------------------------------
| rollout/           |          |
|    ep_len_mean     | 500      |
|    ep_rew_mean     | -521     |
| time/              |          |
|    episodes        | 32       |
|    fps             | 293      |
|    time_elapsed    | 54       |
|    total_timesteps | 16000    |
| train/             |          |
|    actor_loss      | -21.5    |
|    critic_loss     | 0.0142   |
|    ent_coef        | 0.303    |
|    ent_coef_loss   | -12      |
|    learning_rate   | 0.0003   |
|    n_updates       | 3974     |
---------------------------------
---------------------------------
| rollout/           |          |
|    ep_len_mean     | 500      |
|    ep_rew_mean     | -521     |
| time/              |          |
|    episodes        | 36       |
|    fps             | 297      |
|    time_elapsed    | 60       |
|    total_timesteps | 18000    |
| train/             |          |
|    actor_loss      | -20.9    |
|    critic_loss     | 0.00919  |
|    ent_coef        | 0.261    |
|    ent_coef_loss   | -13.6    |
|    learning_rate   | 0.0003   |
|    n_updates       | 4474     |
---------------------------------
Eval num_timesteps=20000, episode_reward=-500.50 +/- 0.00
Episode length: 500.00 +/- 0.00
---------------------------------
| eval/              |          |
|    mean_ep_length  | 500      |
|    mean_reward     | -501     |
| time/              |          |
|    total_timesteps | 20000    |
| train/             |          |
|    actor_loss      | -19.9    |
|    critic_loss     | 0.00734  |
|    ent_coef        | 0.225    |
|    ent_coef_loss   | -15      |
|    learning_rate   | 0.0003   |
|    n_updates       | 4974     |
---------------------------------
New best mean reward!
---------------------------------
| rollout/           |          |
|    ep_len_mean     | 500      |
|    ep_rew_mean     | -521     |
| time/              |          |
|    episodes        | 40       |
|    fps             | 286      |
|    time_elapsed    | 69       |
|    total_timesteps | 20000    |
---------------------------------
---------------------------------
| rollout/           |          |
|    ep_len_mean     | 500      |
|    ep_rew_mean     | -521     |
| time/              |          |
|    episodes        | 44       |
|    fps             | 284      |
|    time_elapsed    | 77       |
|    total_timesteps | 22000    |
| train/             |          |
|    actor_loss      | -18.7    |
|    critic_loss     | 0.00597  |
|    ent_coef        | 0.193    |
|    ent_coef_loss   | -16.6    |
|    learning_rate   | 0.0003   |
|    n_updates       | 5474     |
---------------------------------
---------------------------------
| rollout/           |          |
|    ep_len_mean     | 500      |
|    ep_rew_mean     | -521     |
| time/              |          |
|    episodes        | 48       |
|    fps             | 284      |
|    time_elapsed    | 84       |
|    total_timesteps | 24000    |
| train/             |          |
|    actor_loss      | -17.2    |
|    critic_loss     | 0.00509  |
|    ent_coef        | 0.167    |
|    ent_coef_loss   | -18.1    |
|    learning_rate   | 0.0003   |
|    n_updates       | 5974     |
---------------------------------
---------------------------------
| rollout/           |          |
|    ep_len_mean     | 500      |
|    ep_rew_mean     | -521     |
| time/              |          |
|    episodes        | 52       |
|    fps             | 282      |
|    time_elapsed    | 92       |
|    total_timesteps | 26000    |
| train/             |          |
|    actor_loss      | -15.6    |
|    critic_loss     | 0.00388  |
|    ent_coef        | 0.143    |
|    ent_coef_loss   | -19.6    |
|    learning_rate   | 0.0003   |
|    n_updates       | 6474     |
---------------------------------
---------------------------------
| rollout/           |          |
|    ep_len_mean     | 500      |
|    ep_rew_mean     | -521     |
| time/              |          |
|    episodes        | 56       |
|    fps             | 282      |
|    time_elapsed    | 99       |
|    total_timesteps | 28000    |
| train/             |          |
|    actor_loss      | -13.7    |
|    critic_loss     | 0.00325  |
|    ent_coef        | 0.123    |
|    ent_coef_loss   | -21.2    |
|    learning_rate   | 0.0003   |
|    n_updates       | 6974     |
---------------------------------
Eval num_timesteps=30000, episode_reward=-500.50 +/- 0.00
Episode length: 500.00 +/- 0.00
---------------------------------
| eval/              |          |
|    mean_ep_length  | 500      |
|    mean_reward     | -501     |
| time/              |          |
|    total_timesteps | 30000    |
| train/             |          |
|    actor_loss      | -11.8    |
|    critic_loss     | 0.00269  |
|    ent_coef        | 0.106    |
|    ent_coef_loss   | -22.6    |
|    learning_rate   | 0.0003   |
|    n_updates       | 7474     |
---------------------------------
---------------------------------
| rollout/           |          |
|    ep_len_mean     | 500      |
|    ep_rew_mean     | -521     |
| time/              |          |
|    episodes        | 60       |
|    fps             | 270      |
|    time_elapsed    | 111      |
|    total_timesteps | 30000    |
---------------------------------
---------------------------------
| rollout/           |          |
|    ep_len_mean     | 500      |
|    ep_rew_mean     | -521     |
| time/              |          |
|    episodes        | 64       |
|    fps             | 271      |
|    time_elapsed    | 117      |
|    total_timesteps | 32000    |
| train/             |          |
|    actor_loss      | -9.75    |
|    critic_loss     | 0.00245  |
|    ent_coef        | 0.0914   |
|    ent_coef_loss   | -24.2    |
|    learning_rate   | 0.0003   |
|    n_updates       | 7974     |
---------------------------------
---------------------------------
| rollout/           |          |
|    ep_len_mean     | 500      |
|    ep_rew_mean     | -521     |
| time/              |          |
|    episodes        | 68       |
|    fps             | 272      |
|    time_elapsed    | 124      |
|    total_timesteps | 34000    |
| train/             |          |
|    actor_loss      | -7.66    |
|    critic_loss     | 0.00199  |
|    ent_coef        | 0.0787   |
|    ent_coef_loss   | -25.6    |
|    learning_rate   | 0.0003   |
|    n_updates       | 8474     |
---------------------------------
---------------------------------
| rollout/           |          |
|    ep_len_mean     | 500      |
|    ep_rew_mean     | -521     |
| time/              |          |
|    episodes        | 72       |
|    fps             | 271      |
|    time_elapsed    | 132      |
|    total_timesteps | 36000    |
| train/             |          |
|    actor_loss      | -5.51    |
|    critic_loss     | 0.00137  |
|    ent_coef        | 0.0677   |
|    ent_coef_loss   | -27.2    |
|    learning_rate   | 0.0003   |
|    n_updates       | 8974     |
---------------------------------
---------------------------------
| rollout/           |          |
|    ep_len_mean     | 500      |
|    ep_rew_mean     | -521     |
| time/              |          |
|    episodes        | 76       |
|    fps             | 271      |
|    time_elapsed    | 140      |
|    total_timesteps | 38000    |
| train/             |          |
|    actor_loss      | -3.39    |
|    critic_loss     | 0.0019   |
|    ent_coef        | 0.0583   |
|    ent_coef_loss   | -28.7    |
|    learning_rate   | 0.0003   |
|    n_updates       | 9474     |
---------------------------------
Eval num_timesteps=40000, episode_reward=-500.50 +/- 0.00
Episode length: 500.00 +/- 0.00
---------------------------------
| eval/              |          |
|    mean_ep_length  | 500      |
|    mean_reward     | -501     |
| time/              |          |
|    total_timesteps | 40000    |
| train/             |          |
|    actor_loss      | -1.14    |
|    critic_loss     | 0.00172  |
|    ent_coef        | 0.0502   |
|    ent_coef_loss   | -30.2    |
|    learning_rate   | 0.0003   |
|    n_updates       | 9974     |
---------------------------------
New best mean reward!
---------------------------------
| rollout/           |          |
|    ep_len_mean     | 500      |
|    ep_rew_mean     | -521     |
| time/              |          |
|    episodes        | 80       |
|    fps             | 264      |
|    time_elapsed    | 150      |
|    total_timesteps | 40000    |
---------------------------------
---------------------------------
| rollout/           |          |
|    ep_len_mean     | 500      |
|    ep_rew_mean     | -521     |
| time/              |          |
|    episodes        | 84       |
|    fps             | 267      |
|    time_elapsed    | 157      |
|    total_timesteps | 42000    |
| train/             |          |
|    actor_loss      | 1.09     |
|    critic_loss     | 0.00163  |
|    ent_coef        | 0.0432   |
|    ent_coef_loss   | -31.7    |
|    learning_rate   | 0.0003   |
|    n_updates       | 10474    |
---------------------------------
---------------------------------
| rollout/           |          |
|    ep_len_mean     | 500      |
|    ep_rew_mean     | -521     |
| time/              |          |
|    episodes        | 88       |
|    fps             | 269      |
|    time_elapsed    | 163      |
|    total_timesteps | 44000    |
| train/             |          |
|    actor_loss      | 3.23     |
|    critic_loss     | 0.00155  |
|    ent_coef        | 0.0372   |
|    ent_coef_loss   | -33.1    |
|    learning_rate   | 0.0003   |
|    n_updates       | 10974    |
---------------------------------
---------------------------------
| rollout/           |          |
|    ep_len_mean     | 500      |
|    ep_rew_mean     | -521     |
| time/              |          |
|    episodes        | 92       |
|    fps             | 271      |
|    time_elapsed    | 169      |
|    total_timesteps | 46000    |
| train/             |          |
|    actor_loss      | 5.42     |
|    critic_loss     | 0.00148  |
|    ent_coef        | 0.032    |
|    ent_coef_loss   | -34.7    |
|    learning_rate   | 0.0003   |
|    n_updates       | 11474    |
---------------------------------
---------------------------------
| rollout/           |          |
|    ep_len_mean     | 500      |
|    ep_rew_mean     | -521     |
| time/              |          |
|    episodes        | 96       |
|    fps             | 272      |
|    time_elapsed    | 176      |
|    total_timesteps | 48000    |
| train/             |          |
|    actor_loss      | 7.55     |
|    critic_loss     | 0.00147  |
|    ent_coef        | 0.0276   |
|    ent_coef_loss   | -36.2    |
|    learning_rate   | 0.0003   |
|    n_updates       | 11974    |
---------------------------------
Eval num_timesteps=50000, episode_reward=-500.50 +/- 0.00
Episode length: 500.00 +/- 0.00
---------------------------------
| eval/              |          |
|    mean_ep_length  | 500      |
|    mean_reward     | -501     |
| time/              |          |
|    total_timesteps | 50000    |
| train/             |          |
|    actor_loss      | 9.7      |
|    critic_loss     | 0.00134  |
|    ent_coef        | 0.0237   |
|    ent_coef_loss   | -37.4    |
|    learning_rate   | 0.0003   |
|    n_updates       | 12474    |
---------------------------------
---------------------------------
| rollout/           |          |
|    ep_len_mean     | 500      |
|    ep_rew_mean     | -521     |
| time/              |          |
|    episodes        | 100      |
|    fps             | 264      |
|    time_elapsed    | 188      |
|    total_timesteps | 50000    |
---------------------------------
---------------------------------
| rollout/           |          |
|    ep_len_mean     | 500      |
|    ep_rew_mean     | -520     |
| time/              |          |
|    episodes        | 104      |
|    fps             | 265      |
|    time_elapsed    | 195      |
|    total_timesteps | 52000    |
| train/             |          |
|    actor_loss      | 11.8     |
|    critic_loss     | 0.00148  |
|    ent_coef        | 0.0204   |
|    ent_coef_loss   | -38.8    |
|    learning_rate   | 0.0003   |
|    n_updates       | 12974    |
---------------------------------
---------------------------------
| rollout/           |          |
|    ep_len_mean     | 500      |
|    ep_rew_mean     | -520     |
| time/              |          |
|    episodes        | 108      |
|    fps             | 267      |
|    time_elapsed    | 202      |
|    total_timesteps | 54000    |
| train/             |          |
|    actor_loss      | 13.9     |
|    critic_loss     | 0.00148  |
|    ent_coef        | 0.0176   |
|    ent_coef_loss   | -40.2    |
|    learning_rate   | 0.0003   |
|    n_updates       | 13474    |
---------------------------------
---------------------------------
| rollout/           |          |
|    ep_len_mean     | 500      |
|    ep_rew_mean     | -520     |
| time/              |          |
|    episodes        | 112      |
|    fps             | 268      |
|    time_elapsed    | 208      |
|    total_timesteps | 56000    |
| train/             |          |
|    actor_loss      | 16       |
|    critic_loss     | 0.00155  |
|    ent_coef        | 0.0152   |
|    ent_coef_loss   | -41.4    |
|    learning_rate   | 0.0003   |
|    n_updates       | 13974    |
---------------------------------
---------------------------------
| rollout/           |          |
|    ep_len_mean     | 500      |
|    ep_rew_mean     | -520     |
| time/              |          |
|    episodes        | 116      |
|    fps             | 270      |
|    time_elapsed    | 214      |
|    total_timesteps | 58000    |
| train/             |          |
|    actor_loss      | 18.1     |
|    critic_loss     | 0.00112  |
|    ent_coef        | 0.0131   |
|    ent_coef_loss   | -42.7    |
|    learning_rate   | 0.0003   |
|    n_updates       | 14474    |
---------------------------------
Eval num_timesteps=60000, episode_reward=-500.50 +/- 0.00
Episode length: 500.00 +/- 0.00
---------------------------------
| eval/              |          |
|    mean_ep_length  | 500      |
|    mean_reward     | -501     |
| time/              |          |
|    total_timesteps | 60000    |
| train/             |          |
|    actor_loss      | 20.1     |
|    critic_loss     | 0.00127  |
|    ent_coef        | 0.0113   |
|    ent_coef_loss   | -43.7    |
|    learning_rate   | 0.0003   |
|    n_updates       | 14974    |
---------------------------------
---------------------------------
| rollout/           |          |
|    ep_len_mean     | 500      |
|    ep_rew_mean     | -520     |
| time/              |          |
|    episodes        | 120      |
|    fps             | 263      |
|    time_elapsed    | 227      |
|    total_timesteps | 60000    |
---------------------------------
---------------------------------
| rollout/           |          |
|    ep_len_mean     | 500      |
|    ep_rew_mean     | -519     |
| time/              |          |
|    episodes        | 124      |
|    fps             | 266      |
|    time_elapsed    | 232      |
|    total_timesteps | 62000    |
| train/             |          |
|    actor_loss      | 22.1     |
|    critic_loss     | 0.00131  |
|    ent_coef        | 0.00972  |
|    ent_coef_loss   | -44.8    |
|    learning_rate   | 0.0003   |
|    n_updates       | 15474    |
---------------------------------
---------------------------------
| rollout/           |          |
|    ep_len_mean     | 500      |
|    ep_rew_mean     | -519     |
| time/              |          |
|    episodes        | 128      |
|    fps             | 268      |
|    time_elapsed    | 238      |
|    total_timesteps | 64000    |
| train/             |          |
|    actor_loss      | 24       |
|    critic_loss     | 0.00159  |
|    ent_coef        | 0.00838  |
|    ent_coef_loss   | -45.4    |
|    learning_rate   | 0.0003   |
|    n_updates       | 15974    |
---------------------------------
---------------------------------
| rollout/           |          |
|    ep_len_mean     | 500      |
|    ep_rew_mean     | -519     |
| time/              |          |
|    episodes        | 132      |
|    fps             | 270      |
|    time_elapsed    | 243      |
|    total_timesteps | 66000    |
| train/             |          |
|    actor_loss      | 25.9     |
|    critic_loss     | 0.00134  |
|    ent_coef        | 0.00724  |
|    ent_coef_loss   | -47      |
|    learning_rate   | 0.0003   |
|    n_updates       | 16474    |
---------------------------------
---------------------------------
| rollout/           |          |
|    ep_len_mean     | 500      |
|    ep_rew_mean     | -519     |
| time/              |          |
|    episodes        | 136      |
|    fps             | 272      |
|    time_elapsed    | 249      |
|    total_timesteps | 68000    |
| train/             |          |
|    actor_loss      | 27.5     |
|    critic_loss     | 3.18     |
|    ent_coef        | 0.00627  |
|    ent_coef_loss   | -42.3    |
|    learning_rate   | 0.0003   |
|    n_updates       | 16974    |
---------------------------------
Eval num_timesteps=70000, episode_reward=-500.30 +/- 1.62
Episode length: 500.00 +/- 0.00
---------------------------------
| eval/              |          |
|    mean_ep_length  | 500      |
|    mean_reward     | -500     |
| time/              |          |
|    total_timesteps | 70000    |
| train/             |          |
|    actor_loss      | 29.7     |
|    critic_loss     | 0.00423  |
|    ent_coef        | 0.00551  |
|    ent_coef_loss   | -42.1    |
|    learning_rate   | 0.0003   |
|    n_updates       | 17474    |
---------------------------------
New best mean reward!
---------------------------------
| rollout/           |          |
|    ep_len_mean     | 500      |
|    ep_rew_mean     | -518     |
| time/              |          |
|    episodes        | 140      |
|    fps             | 268      |
|    time_elapsed    | 260      |
|    total_timesteps | 70000    |
---------------------------------
---------------------------------
| rollout/           |          |
|    ep_len_mean     | 500      |
|    ep_rew_mean     | -517     |
| time/              |          |
|    episodes        | 144      |
|    fps             | 269      |
|    time_elapsed    | 267      |
|    total_timesteps | 72000    |
| train/             |          |
|    actor_loss      | 31.4     |
|    critic_loss     | 0.00296  |
|    ent_coef        | 0.00482  |
|    ent_coef_loss   | -41.2    |
|    learning_rate   | 0.0003   |
|    n_updates       | 17974    |
---------------------------------
---------------------------------
| rollout/           |          |
|    ep_len_mean     | 500      |
|    ep_rew_mean     | -517     |
| time/              |          |
|    episodes        | 148      |
|    fps             | 270      |
|    time_elapsed    | 273      |
|    total_timesteps | 74000    |
| train/             |          |
|    actor_loss      | 33.2     |
|    critic_loss     | 0.00394  |
|    ent_coef        | 0.0042   |
|    ent_coef_loss   | -39.8    |
|    learning_rate   | 0.0003   |
|    n_updates       | 18474    |
---------------------------------
---------------------------------
| rollout/           |          |
|    ep_len_mean     | 500      |
|    ep_rew_mean     | -516     |
| time/              |          |
|    episodes        | 152      |
|    fps             | 272      |
|    time_elapsed    | 278      |
|    total_timesteps | 76000    |
| train/             |          |
|    actor_loss      | 34.8     |
|    critic_loss     | 0.00912  |
|    ent_coef        | 0.00367  |
|    ent_coef_loss   | -39.6    |
|    learning_rate   | 0.0003   |
|    n_updates       | 18974    |
---------------------------------
---------------------------------
| rollout/           |          |
|    ep_len_mean     | 500      |
|    ep_rew_mean     | -515     |
| time/              |          |
|    episodes        | 156      |
|    fps             | 274      |
|    time_elapsed    | 284      |
|    total_timesteps | 78000    |
| train/             |          |
|    actor_loss      | 36.6     |
|    critic_loss     | 0.00523  |
|    ent_coef        | 0.00321  |
|    ent_coef_loss   | -36.7    |
|    learning_rate   | 0.0003   |
|    n_updates       | 19474    |
---------------------------------
Eval num_timesteps=80000, episode_reward=-1029.32 +/- 187.91
Episode length: 500.00 +/- 0.00
----------------------------------
| eval/              |           |
|    mean_ep_length  | 500       |
|    mean_reward     | -1.03e+03 |
| time/              |           |
|    total_timesteps | 80000     |
| train/             |           |
|    actor_loss      | 38.1      |
|    critic_loss     | 0.506     |
|    ent_coef        | 0.00282   |
|    ent_coef_loss   | -34.8     |
|    learning_rate   | 0.0003    |
|    n_updates       | 19974     |
----------------------------------
---------------------------------
| rollout/           |          |
|    ep_len_mean     | 500      |
|    ep_rew_mean     | -515     |
| time/              |          |
|    episodes        | 160      |
|    fps             | 273      |
|    time_elapsed    | 292      |
|    total_timesteps | 80000    |
---------------------------------
---------------------------------
| rollout/           |          |
|    ep_len_mean     | 500      |
|    ep_rew_mean     | -526     |
| time/              |          |
|    episodes        | 164      |
|    fps             | 274      |
|    time_elapsed    | 298      |
|    total_timesteps | 82000    |
| train/             |          |
|    actor_loss      | 39.4     |
|    critic_loss     | 0.132    |
|    ent_coef        | 0.00247  |
|    ent_coef_loss   | -30.7    |
|    learning_rate   | 0.0003   |
|    n_updates       | 20474    |
---------------------------------
---------------------------------
| rollout/           |          |
|    ep_len_mean     | 500      |
|    ep_rew_mean     | -562     |
| time/              |          |
|    episodes        | 168      |
|    fps             | 276      |
|    time_elapsed    | 304      |
|    total_timesteps | 84000    |
| train/             |          |
|    actor_loss      | 41.2     |
|    critic_loss     | 0.176    |
|    ent_coef        | 0.0022   |
|    ent_coef_loss   | -21.6    |
|    learning_rate   | 0.0003   |
|    n_updates       | 20974    |
---------------------------------
---------------------------------
| rollout/           |          |
|    ep_len_mean     | 500      |
|    ep_rew_mean     | -623     |
| time/              |          |
|    episodes        | 172      |
|    fps             | 277      |
|    time_elapsed    | 309      |
|    total_timesteps | 86000    |
| train/             |          |
|    actor_loss      | 43.9     |
|    critic_loss     | 1.18     |
|    ent_coef        | 0.002    |
|    ent_coef_loss   | -11.4    |
|    learning_rate   | 0.0003   |
|    n_updates       | 21474    |
---------------------------------
---------------------------------
| rollout/           |          |
|    ep_len_mean     | 500      |
|    ep_rew_mean     | -649     |
| time/              |          |
|    episodes        | 176      |
|    fps             | 279      |
|    time_elapsed    | 314      |
|    total_timesteps | 88000    |
| train/             |          |
|    actor_loss      | 44.7     |
|    critic_loss     | 0.225    |
|    ent_coef        | 0.00192  |
|    ent_coef_loss   | -4.9     |
|    learning_rate   | 0.0003   |
|    n_updates       | 21974    |
---------------------------------
Eval num_timesteps=90000, episode_reward=-2166.60 +/- 30.37
Episode length: 500.00 +/- 0.00
----------------------------------
| eval/              |           |
|    mean_ep_length  | 500       |
|    mean_reward     | -2.17e+03 |
| time/              |           |
|    total_timesteps | 90000     |
| train/             |           |
|    actor_loss      | 46.3      |
|    critic_loss     | 0.383     |
|    ent_coef        | 0.00198   |
|    ent_coef_loss   | 18.4      |
|    learning_rate   | 0.0003    |
|    n_updates       | 22474     |
----------------------------------
---------------------------------
| rollout/           |          |
|    ep_len_mean     | 500      |
|    ep_rew_mean     | -710     |
| time/              |          |
|    episodes        | 180      |
|    fps             | 277      |
|    time_elapsed    | 323      |
|    total_timesteps | 90000    |
---------------------------------
---------------------------------
| rollout/           |          |
|    ep_len_mean     | 500      |
|    ep_rew_mean     | -774     |
| time/              |          |
|    episodes        | 184      |
|    fps             | 279      |
|    time_elapsed    | 329      |
|    total_timesteps | 92000    |
| train/             |          |
|    actor_loss      | 49.4     |
|    critic_loss     | 0.5      |
|    ent_coef        | 0.00223  |
|    ent_coef_loss   | 14.1     |
|    learning_rate   | 0.0003   |
|    n_updates       | 22974    |
---------------------------------
---------------------------------
| rollout/           |          |
|    ep_len_mean     | 500      |
|    ep_rew_mean     | -835     |
| time/              |          |
|    episodes        | 188      |
|    fps             | 280      |
|    time_elapsed    | 335      |
|    total_timesteps | 94000    |
| train/             |          |
|    actor_loss      | 52.1     |
|    critic_loss     | 0.371    |
|    ent_coef        | 0.00264  |
|    ent_coef_loss   | 26.2     |
|    learning_rate   | 0.0003   |
|    n_updates       | 23474    |
---------------------------------
---------------------------------
| rollout/           |          |
|    ep_len_mean     | 500      |
|    ep_rew_mean     | -895     |
| time/              |          |
|    episodes        | 192      |
|    fps             | 282      |
|    time_elapsed    | 340      |
|    total_timesteps | 96000    |
| train/             |          |
|    actor_loss      | 52.2     |
|    critic_loss     | 0.683    |
|    ent_coef        | 0.00316  |
|    ent_coef_loss   | 22.1     |
|    learning_rate   | 0.0003   |
|    n_updates       | 23974    |
---------------------------------
---------------------------------
| rollout/           |          |
|    ep_len_mean     | 500      |
|    ep_rew_mean     | -957     |
| time/              |          |
|    episodes        | 196      |
|    fps             | 284      |
|    time_elapsed    | 344      |
|    total_timesteps | 98000    |
| train/             |          |
|    actor_loss      | 58       |
|    critic_loss     | 1.26     |
|    ent_coef        | 0.00377  |
|    ent_coef_loss   | 29.9     |
|    learning_rate   | 0.0003   |
|    n_updates       | 24474    |
---------------------------------
Eval num_timesteps=100000, episode_reward=-1617.11 +/- 230.35
Episode length: 500.00 +/- 0.00
----------------------------------
| eval/              |           |
|    mean_ep_length  | 500       |
|    mean_reward     | -1.62e+03 |
| time/              |           |
|    total_timesteps | 100000    |
| train/             |           |
|    actor_loss      | 55.5      |
|    critic_loss     | 0.779     |
|    ent_coef        | 0.00443   |
|    ent_coef_loss   | 24.7      |
|    learning_rate   | 0.0003    |
|    n_updates       | 24974     |
----------------------------------
----------------------------------
| rollout/           |           |
|    ep_len_mean     | 500       |
|    ep_rew_mean     | -1.01e+03 |
| time/              |           |
|    episodes        | 200       |
|    fps             | 281       |
|    time_elapsed    | 355       |
|    total_timesteps | 100000    |
----------------------------------
----------------------------------
| rollout/           |           |
|    ep_len_mean     | 500       |
|    ep_rew_mean     | -1.05e+03 |
| time/              |           |
|    episodes        | 204       |
|    fps             | 282       |
|    time_elapsed    | 360       |
|    total_timesteps | 102000    |
| train/             |           |
|    actor_loss      | 61.7      |
|    critic_loss     | 1.46      |
|    ent_coef        | 0.00528   |
|    ent_coef_loss   | 24.8      |
|    learning_rate   | 0.0003    |
|    n_updates       | 25474     |
----------------------------------
----------------------------------
| rollout/           |           |
|    ep_len_mean     | 500       |
|    ep_rew_mean     | -1.11e+03 |
| time/              |           |
|    episodes        | 208       |
|    fps             | 283       |
|    time_elapsed    | 367       |
|    total_timesteps | 104000    |
| train/             |           |
|    actor_loss      | 66.5      |
|    critic_loss     | 0.666     |
|    ent_coef        | 0.00613   |
|    ent_coef_loss   | 25.8      |
|    learning_rate   | 0.0003    |
|    n_updates       | 25974     |
----------------------------------
----------------------------------
| rollout/           |           |
|    ep_len_mean     | 500       |
|    ep_rew_mean     | -1.15e+03 |
| time/              |           |
|    episodes        | 212       |
|    fps             | 284       |
|    time_elapsed    | 372       |
|    total_timesteps | 106000    |
| train/             |           |
|    actor_loss      | 66.1      |
|    critic_loss     | 2.59      |
|    ent_coef        | 0.00709   |
|    ent_coef_loss   | 23.7      |
|    learning_rate   | 0.0003    |
|    n_updates       | 26474     |
----------------------------------
----------------------------------
| rollout/           |           |
|    ep_len_mean     | 500       |
|    ep_rew_mean     | -1.19e+03 |
| time/              |           |
|    episodes        | 216       |
|    fps             | 286       |
|    time_elapsed    | 377       |
|    total_timesteps | 108000    |
| train/             |           |
|    actor_loss      | 71.3      |
|    critic_loss     | 4.1       |
|    ent_coef        | 0.00823   |
|    ent_coef_loss   | 19        |
|    learning_rate   | 0.0003    |
|    n_updates       | 26974     |
----------------------------------
Eval num_timesteps=110000, episode_reward=-2328.51 +/- 59.80
Episode length: 500.00 +/- 0.00
----------------------------------
| eval/              |           |
|    mean_ep_length  | 500       |
|    mean_reward     | -2.33e+03 |
| time/              |           |
|    total_timesteps | 110000    |
| train/             |           |
|    actor_loss      | 77.4      |
|    critic_loss     | 4.4       |
|    ent_coef        | 0.00953   |
|    ent_coef_loss   | 24.2      |
|    learning_rate   | 0.0003    |
|    n_updates       | 27474     |
----------------------------------
----------------------------------
| rollout/           |           |
|    ep_len_mean     | 500       |
|    ep_rew_mean     | -1.24e+03 |
| time/              |           |
|    episodes        | 220       |
|    fps             | 283       |
|    time_elapsed    | 387       |
|    total_timesteps | 110000    |
----------------------------------
----------------------------------
| rollout/           |           |
|    ep_len_mean     | 500       |
|    ep_rew_mean     | -1.31e+03 |
| time/              |           |
|    episodes        | 224       |
|    fps             | 284       |
|    time_elapsed    | 393       |
|    total_timesteps | 112000    |
| train/             |           |
|    actor_loss      | 73.9      |
|    critic_loss     | 5.66      |
|    ent_coef        | 0.011     |
|    ent_coef_loss   | 22.3      |
|    learning_rate   | 0.0003    |
|    n_updates       | 27974     |
----------------------------------
----------------------------------
| rollout/           |           |
|    ep_len_mean     | 500       |
|    ep_rew_mean     | -1.34e+03 |
| time/              |           |
|    episodes        | 228       |
|    fps             | 284       |
|    time_elapsed    | 400       |
|    total_timesteps | 114000    |
| train/             |           |
|    actor_loss      | 78.1      |
|    critic_loss     | 2.39      |
|    ent_coef        | 0.0126    |
|    ent_coef_loss   | 16.6      |
|    learning_rate   | 0.0003    |
|    n_updates       | 28474     |
----------------------------------
----------------------------------
| rollout/           |           |
|    ep_len_mean     | 500       |
|    ep_rew_mean     | -1.39e+03 |
| time/              |           |
|    episodes        | 232       |
|    fps             | 285       |
|    time_elapsed    | 406       |
|    total_timesteps | 116000    |
| train/             |           |
|    actor_loss      | 77.4      |
|    critic_loss     | 4.2       |
|    ent_coef        | 0.0144    |
|    ent_coef_loss   | 10.2      |
|    learning_rate   | 0.0003    |
|    n_updates       | 28974     |
----------------------------------
----------------------------------
| rollout/           |           |
|    ep_len_mean     | 500       |
|    ep_rew_mean     | -1.44e+03 |
| time/              |           |
|    episodes        | 236       |
|    fps             | 285       |
|    time_elapsed    | 412       |
|    total_timesteps | 118000    |
| train/             |           |
|    actor_loss      | 91.6      |
|    critic_loss     | 2.72      |
|    ent_coef        | 0.0166    |
|    ent_coef_loss   | 22.1      |
|    learning_rate   | 0.0003    |
|    n_updates       | 29474     |
----------------------------------
Eval num_timesteps=120000, episode_reward=-1870.83 +/- 282.39
Episode length: 500.00 +/- 0.00
----------------------------------
| eval/              |           |
|    mean_ep_length  | 500       |
|    mean_reward     | -1.87e+03 |
| time/              |           |
|    total_timesteps | 120000    |
| train/             |           |
|    actor_loss      | 88.2      |
|    critic_loss     | 3.86      |
|    ent_coef        | 0.0191    |
|    ent_coef_loss   | 20.1      |
|    learning_rate   | 0.0003    |
|    n_updates       | 29974     |
----------------------------------
----------------------------------
| rollout/           |           |
|    ep_len_mean     | 500       |
|    ep_rew_mean     | -1.48e+03 |
| time/              |           |
|    episodes        | 240       |
|    fps             | 282       |
|    time_elapsed    | 424       |
|    total_timesteps | 120000    |
----------------------------------
----------------------------------
| rollout/           |           |
|    ep_len_mean     | 500       |
|    ep_rew_mean     | -1.52e+03 |
| time/              |           |
|    episodes        | 244       |
|    fps             | 283       |
|    time_elapsed    | 429       |
|    total_timesteps | 122000    |
| train/             |           |
|    actor_loss      | 76.2      |
|    critic_loss     | 3.14      |
|    ent_coef        | 0.0221    |
|    ent_coef_loss   | 12.5      |
|    learning_rate   | 0.0003    |
|    n_updates       | 30474     |
----------------------------------
----------------------------------
| rollout/           |           |
|    ep_len_mean     | 500       |
|    ep_rew_mean     | -1.57e+03 |
| time/              |           |
|    episodes        | 248       |
|    fps             | 284       |
|    time_elapsed    | 435       |
|    total_timesteps | 124000    |
| train/             |           |
|    actor_loss      | 100       |
|    critic_loss     | 5.01      |
|    ent_coef        | 0.0254    |
|    ent_coef_loss   | 16.1      |
|    learning_rate   | 0.0003    |
|    n_updates       | 30974     |
----------------------------------
----------------------------------
| rollout/           |           |
|    ep_len_mean     | 500       |
|    ep_rew_mean     | -1.62e+03 |
| time/              |           |
|    episodes        | 252       |
|    fps             | 285       |
|    time_elapsed    | 441       |
|    total_timesteps | 126000    |
| train/             |           |
|    actor_loss      | 90.8      |
|    critic_loss     | 3.36      |
|    ent_coef        | 0.0292    |
|    ent_coef_loss   | 17        |
|    learning_rate   | 0.0003    |
|    n_updates       | 31474     |
----------------------------------
----------------------------------
| rollout/           |           |
|    ep_len_mean     | 500       |
|    ep_rew_mean     | -1.65e+03 |
| time/              |           |
|    episodes        | 256       |
|    fps             | 286       |
|    time_elapsed    | 446       |
|    total_timesteps | 128000    |
| train/             |           |
|    actor_loss      | 103       |
|    critic_loss     | 2.55      |
|    ent_coef        | 0.0332    |
|    ent_coef_loss   | 12.2      |
|    learning_rate   | 0.0003    |
|    n_updates       | 31974     |
----------------------------------
Eval num_timesteps=130000, episode_reward=-1661.71 +/- 471.99
Episode length: 500.00 +/- 0.00
----------------------------------
| eval/              |           |
|    mean_ep_length  | 500       |
|    mean_reward     | -1.66e+03 |
| time/              |           |
|    total_timesteps | 130000    |
| train/             |           |
|    actor_loss      | 107       |
|    critic_loss     | 6.95      |
|    ent_coef        | 0.0379    |
|    ent_coef_loss   | 9.16      |
|    learning_rate   | 0.0003    |
|    n_updates       | 32474     |
----------------------------------
----------------------------------
| rollout/           |           |
|    ep_len_mean     | 500       |
|    ep_rew_mean     | -1.71e+03 |
| time/              |           |
|    episodes        | 260       |
|    fps             | 284       |
|    time_elapsed    | 457       |
|    total_timesteps | 130000    |
----------------------------------
----------------------------------
| rollout/           |           |
|    ep_len_mean     | 500       |
|    ep_rew_mean     | -1.76e+03 |
| time/              |           |
|    episodes        | 264       |
|    fps             | 284       |
|    time_elapsed    | 463       |
|    total_timesteps | 132000    |
| train/             |           |
|    actor_loss      | 106       |
|    critic_loss     | 22.2      |
|    ent_coef        | 0.043     |
|    ent_coef_loss   | 12.6      |
|    learning_rate   | 0.0003    |
|    n_updates       | 32974     |
----------------------------------
----------------------------------
| rollout/           |           |
|    ep_len_mean     | 500       |
|    ep_rew_mean     | -1.77e+03 |
| time/              |           |
|    episodes        | 268       |
|    fps             | 285       |
|    time_elapsed    | 469       |
|    total_timesteps | 134000    |
| train/             |           |
|    actor_loss      | 114       |
|    critic_loss     | 6.47      |
|    ent_coef        | 0.0486    |
|    ent_coef_loss   | 9.96      |
|    learning_rate   | 0.0003    |
|    n_updates       | 33474     |
----------------------------------
----------------------------------
| rollout/           |           |
|    ep_len_mean     | 500       |
|    ep_rew_mean     | -1.75e+03 |
| time/              |           |
|    episodes        | 272       |
|    fps             | 285       |
|    time_elapsed    | 475       |
|    total_timesteps | 136000    |
| train/             |           |
|    actor_loss      | 99.7      |
|    critic_loss     | 5         |
|    ent_coef        | 0.0547    |
|    ent_coef_loss   | 6.24      |
|    learning_rate   | 0.0003    |
|    n_updates       | 33974     |
----------------------------------
----------------------------------
| rollout/           |           |
|    ep_len_mean     | 500       |
|    ep_rew_mean     | -1.76e+03 |
| time/              |           |
|    episodes        | 276       |
|    fps             | 285       |
|    time_elapsed    | 482       |
|    total_timesteps | 138000    |
| train/             |           |
|    actor_loss      | 111       |
|    critic_loss     | 4.93      |
|    ent_coef        | 0.0608    |
|    ent_coef_loss   | 7.69      |
|    learning_rate   | 0.0003    |
|    n_updates       | 34474     |
----------------------------------
Eval num_timesteps=140000, episode_reward=-1365.07 +/- 501.57
Episode length: 500.00 +/- 0.00
----------------------------------
| eval/              |           |
|    mean_ep_length  | 500       |
|    mean_reward     | -1.37e+03 |
| time/              |           |
|    total_timesteps | 140000    |
| train/             |           |
|    actor_loss      | 110       |
|    critic_loss     | 7.24      |
|    ent_coef        | 0.067     |
|    ent_coef_loss   | 2.5       |
|    learning_rate   | 0.0003    |
|    n_updates       | 34974     |
----------------------------------
----------------------------------
| rollout/           |           |
|    ep_len_mean     | 500       |
|    ep_rew_mean     | -1.73e+03 |
| time/              |           |
|    episodes        | 280       |
|    fps             | 283       |
|    time_elapsed    | 493       |
|    total_timesteps | 140000    |
----------------------------------
----------------------------------
| rollout/           |           |
|    ep_len_mean     | 500       |
|    ep_rew_mean     | -1.69e+03 |
| time/              |           |
|    episodes        | 284       |
|    fps             | 284       |
|    time_elapsed    | 499       |
|    total_timesteps | 142000    |
| train/             |           |
|    actor_loss      | 105       |
|    critic_loss     | 12.6      |
|    ent_coef        | 0.0723    |
|    ent_coef_loss   | -2.48     |
|    learning_rate   | 0.0003    |
|    n_updates       | 35474     |
----------------------------------
----------------------------------
| rollout/           |           |
|    ep_len_mean     | 500       |
|    ep_rew_mean     | -1.65e+03 |
| time/              |           |
|    episodes        | 288       |
|    fps             | 284       |
|    time_elapsed    | 505       |
|    total_timesteps | 144000    |
| train/             |           |
|    actor_loss      | 107       |
|    critic_loss     | 3.51      |
|    ent_coef        | 0.0747    |
|    ent_coef_loss   | -2.86     |
|    learning_rate   | 0.0003    |
|    n_updates       | 35974     |
----------------------------------
----------------------------------
| rollout/           |           |
|    ep_len_mean     | 500       |
|    ep_rew_mean     | -1.61e+03 |
| time/              |           |
|    episodes        | 292       |
|    fps             | 285       |
|    time_elapsed    | 511       |
|    total_timesteps | 146000    |
| train/             |           |
|    actor_loss      | 121       |
|    critic_loss     | 7.02      |
|    ent_coef        | 0.0716    |
|    ent_coef_loss   | -3.27     |
|    learning_rate   | 0.0003    |
|    n_updates       | 36474     |
----------------------------------
----------------------------------
| rollout/           |           |
|    ep_len_mean     | 500       |
|    ep_rew_mean     | -1.57e+03 |
| time/              |           |
|    episodes        | 296       |
|    fps             | 285       |
|    time_elapsed    | 517       |
|    total_timesteps | 148000    |
| train/             |           |
|    actor_loss      | 145       |
|    critic_loss     | 5.41      |
|    ent_coef        | 0.0677    |
|    ent_coef_loss   | 0.543     |
|    learning_rate   | 0.0003    |
|    n_updates       | 36974     |
----------------------------------
Eval num_timesteps=150000, episode_reward=-1533.26 +/- 633.83
Episode length: 500.00 +/- 0.00
----------------------------------
| eval/              |           |
|    mean_ep_length  | 500       |
|    mean_reward     | -1.53e+03 |
| time/              |           |
|    total_timesteps | 150000    |
| train/             |           |
|    actor_loss      | 135       |
|    critic_loss     | 7.55      |
|    ent_coef        | 0.0647    |
|    ent_coef_loss   | 0.332     |
|    learning_rate   | 0.0003    |
|    n_updates       | 37474     |
----------------------------------
----------------------------------
| rollout/           |           |
|    ep_len_mean     | 500       |
|    ep_rew_mean     | -1.55e+03 |
| time/              |           |
|    episodes        | 300       |
|    fps             | 284       |
|    time_elapsed    | 526       |
|    total_timesteps | 150000    |
----------------------------------
----------------------------------
| rollout/           |           |
|    ep_len_mean     | 500       |
|    ep_rew_mean     | -1.55e+03 |
| time/              |           |
|    episodes        | 304       |
|    fps             | 285       |
|    time_elapsed    | 532       |
|    total_timesteps | 152000    |
| train/             |           |
|    actor_loss      | 137       |
|    critic_loss     | 5.04      |
|    ent_coef        | 0.0635    |
|    ent_coef_loss   | 1.32      |
|    learning_rate   | 0.0003    |
|    n_updates       | 37974     |
----------------------------------
----------------------------------
| rollout/           |           |
|    ep_len_mean     | 500       |
|    ep_rew_mean     | -1.54e+03 |
| time/              |           |
|    episodes        | 308       |
|    fps             | 286       |
|    time_elapsed    | 538       |
|    total_timesteps | 154000    |
| train/             |           |
|    actor_loss      | 163       |
|    critic_loss     | 6.85      |
|    ent_coef        | 0.0641    |
|    ent_coef_loss   | 3.33      |
|    learning_rate   | 0.0003    |
|    n_updates       | 38474     |
----------------------------------
----------------------------------
| rollout/           |           |
|    ep_len_mean     | 500       |
|    ep_rew_mean     | -1.55e+03 |
| time/              |           |
|    episodes        | 312       |
|    fps             | 286       |
|    time_elapsed    | 544       |
|    total_timesteps | 156000    |
| train/             |           |
|    actor_loss      | 138       |
|    critic_loss     | 8.46      |
|    ent_coef        | 0.0645    |
|    ent_coef_loss   | -0.539    |
|    learning_rate   | 0.0003    |
|    n_updates       | 38974     |
----------------------------------
----------------------------------
| rollout/           |           |
|    ep_len_mean     | 500       |
|    ep_rew_mean     | -1.55e+03 |
| time/              |           |
|    episodes        | 316       |
|    fps             | 286       |
|    time_elapsed    | 551       |
|    total_timesteps | 158000    |
| train/             |           |
|    actor_loss      | 161       |
|    critic_loss     | 15.7      |
|    ent_coef        | 0.066     |
|    ent_coef_loss   | 1.89      |
|    learning_rate   | 0.0003    |
|    n_updates       | 39474     |
----------------------------------
Eval num_timesteps=160000, episode_reward=-1766.23 +/- 263.61
Episode length: 500.00 +/- 0.00
----------------------------------
| eval/              |           |
|    mean_ep_length  | 500       |
|    mean_reward     | -1.77e+03 |
| time/              |           |
|    total_timesteps | 160000    |
| train/             |           |
|    actor_loss      | 144       |
|    critic_loss     | 5.77      |
|    ent_coef        | 0.067     |
|    ent_coef_loss   | -2.22     |
|    learning_rate   | 0.0003    |
|    n_updates       | 39974     |
----------------------------------
----------------------------------
| rollout/           |           |
|    ep_len_mean     | 500       |
|    ep_rew_mean     | -1.54e+03 |
| time/              |           |
|    episodes        | 320       |
|    fps             | 285       |
|    time_elapsed    | 560       |
|    total_timesteps | 160000    |
----------------------------------
----------------------------------
| rollout/           |           |
|    ep_len_mean     | 500       |
|    ep_rew_mean     | -1.51e+03 |
| time/              |           |
|    episodes        | 324       |
|    fps             | 285       |
|    time_elapsed    | 567       |
|    total_timesteps | 162000    |
| train/             |           |
|    actor_loss      | 182       |
|    critic_loss     | 11.2      |
|    ent_coef        | 0.0666    |
|    ent_coef_loss   | 1.32      |
|    learning_rate   | 0.0003    |
|    n_updates       | 40474     |
----------------------------------
---------------------------------
| rollout/           |          |
|    ep_len_mean     | 500      |
|    ep_rew_mean     | -1.5e+03 |
| time/              |          |
|    episodes        | 328      |
|    fps             | 286      |
|    time_elapsed    | 573      |
|    total_timesteps | 164000   |
| train/             |          |
|    actor_loss      | 181      |
|    critic_loss     | 8.27     |
|    ent_coef        | 0.0667   |
|    ent_coef_loss   | 0.525    |
|    learning_rate   | 0.0003   |
|    n_updates       | 40974    |
---------------------------------
---------------------------------
| rollout/           |          |
|    ep_len_mean     | 500      |
|    ep_rew_mean     | -1.5e+03 |
| time/              |          |
|    episodes        | 332      |
|    fps             | 286      |
|    time_elapsed    | 579      |
|    total_timesteps | 166000   |
| train/             |          |
|    actor_loss      | 149      |
|    critic_loss     | 6.78     |
|    ent_coef        | 0.0677   |
|    ent_coef_loss   | -3.09    |
|    learning_rate   | 0.0003   |
|    n_updates       | 41474    |
---------------------------------
----------------------------------
| rollout/           |           |
|    ep_len_mean     | 500       |
|    ep_rew_mean     | -1.48e+03 |
| time/              |           |
|    episodes        | 336       |
|    fps             | 286       |
|    time_elapsed    | 585       |
|    total_timesteps | 168000    |
| train/             |           |
|    actor_loss      | 162       |
|    critic_loss     | 22.5      |
|    ent_coef        | 0.0672    |
|    ent_coef_loss   | 0.222     |
|    learning_rate   | 0.0003    |
|    n_updates       | 41974     |
----------------------------------
Eval num_timesteps=170000, episode_reward=-1069.39 +/- 725.96
Episode length: 500.00 +/- 0.00
----------------------------------
| eval/              |           |
|    mean_ep_length  | 500       |
|    mean_reward     | -1.07e+03 |
| time/              |           |
|    total_timesteps | 170000    |
| train/             |           |
|    actor_loss      | 171       |
|    critic_loss     | 13.8      |
|    ent_coef        | 0.0673    |
|    ent_coef_loss   | -1.33     |
|    learning_rate   | 0.0003    |
|    n_updates       | 42474     |
----------------------------------
----------------------------------
| rollout/           |           |
|    ep_len_mean     | 500       |
|    ep_rew_mean     | -1.47e+03 |
| time/              |           |
|    episodes        | 340       |
|    fps             | 284       |
|    time_elapsed    | 597       |
|    total_timesteps | 170000    |
----------------------------------
----------------------------------
| rollout/           |           |
|    ep_len_mean     | 500       |
|    ep_rew_mean     | -1.45e+03 |
| time/              |           |
|    episodes        | 344       |
|    fps             | 285       |
|    time_elapsed    | 603       |
|    total_timesteps | 172000    |
| train/             |           |
|    actor_loss      | 180       |
|    critic_loss     | 9.12      |
|    ent_coef        | 0.0671    |
|    ent_coef_loss   | 1.8       |
|    learning_rate   | 0.0003    |
|    n_updates       | 42974     |
----------------------------------
----------------------------------
| rollout/           |           |
|    ep_len_mean     | 500       |
|    ep_rew_mean     | -1.43e+03 |
| time/              |           |
|    episodes        | 348       |
|    fps             | 285       |
|    time_elapsed    | 609       |
|    total_timesteps | 174000    |
| train/             |           |
|    actor_loss      | 159       |
|    critic_loss     | 5.55      |
|    ent_coef        | 0.0672    |
|    ent_coef_loss   | -1.65     |
|    learning_rate   | 0.0003    |
|    n_updates       | 43474     |
----------------------------------
----------------------------------
| rollout/           |           |
|    ep_len_mean     | 500       |
|    ep_rew_mean     | -1.44e+03 |
| time/              |           |
|    episodes        | 352       |
|    fps             | 285       |
|    time_elapsed    | 616       |
|    total_timesteps | 176000    |
| train/             |           |
|    actor_loss      | 183       |
|    critic_loss     | 21.7      |
|    ent_coef        | 0.068     |
|    ent_coef_loss   | 1.98      |
|    learning_rate   | 0.0003    |
|    n_updates       | 43974     |
----------------------------------
----------------------------------
| rollout/           |           |
|    ep_len_mean     | 500       |
|    ep_rew_mean     | -1.43e+03 |
| time/              |           |
|    episodes        | 356       |
|    fps             | 286       |
|    time_elapsed    | 622       |
|    total_timesteps | 178000    |
| train/             |           |
|    actor_loss      | 196       |
|    critic_loss     | 9.96      |
|    ent_coef        | 0.0699    |
|    ent_coef_loss   | 0.911     |
|    learning_rate   | 0.0003    |
|    n_updates       | 44474     |
----------------------------------
Eval num_timesteps=180000, episode_reward=-960.30 +/- 373.72
Episode length: 500.00 +/- 0.00
---------------------------------
| eval/              |          |
|    mean_ep_length  | 500      |
|    mean_reward     | -960     |
| time/              |          |
|    total_timesteps | 180000   |
| train/             |          |
|    actor_loss      | 182      |
|    critic_loss     | 7.81     |
|    ent_coef        | 0.073    |
|    ent_coef_loss   | 1.49     |
|    learning_rate   | 0.0003   |
|    n_updates       | 44974    |
---------------------------------
----------------------------------
| rollout/           |           |
|    ep_len_mean     | 500       |
|    ep_rew_mean     | -1.41e+03 |
| time/              |           |
|    episodes        | 360       |
|    fps             | 284       |
|    time_elapsed    | 631       |
|    total_timesteps | 180000    |
----------------------------------
----------------------------------
| rollout/           |           |
|    ep_len_mean     | 500       |
|    ep_rew_mean     | -1.39e+03 |
| time/              |           |
|    episodes        | 364       |
|    fps             | 285       |
|    time_elapsed    | 638       |
|    total_timesteps | 182000    |
| train/             |           |
|    actor_loss      | 177       |
|    critic_loss     | 8.28      |
|    ent_coef        | 0.0735    |
|    ent_coef_loss   | 0.349     |
|    learning_rate   | 0.0003    |
|    n_updates       | 45474     |
----------------------------------
----------------------------------
| rollout/           |           |
|    ep_len_mean     | 500       |
|    ep_rew_mean     | -1.38e+03 |
| time/              |           |
|    episodes        | 368       |
|    fps             | 285       |
|    time_elapsed    | 644       |
|    total_timesteps | 184000    |
| train/             |           |
|    actor_loss      | 175       |
|    critic_loss     | 6.4       |
|    ent_coef        | 0.0731    |
|    ent_coef_loss   | -1.37     |
|    learning_rate   | 0.0003    |
|    n_updates       | 45974     |
----------------------------------
----------------------------------
| rollout/           |           |
|    ep_len_mean     | 500       |
|    ep_rew_mean     | -1.37e+03 |
| time/              |           |
|    episodes        | 372       |
|    fps             | 285       |
|    time_elapsed    | 650       |
|    total_timesteps | 186000    |
| train/             |           |
|    actor_loss      | 195       |
|    critic_loss     | 8.27      |
|    ent_coef        | 0.0734    |
|    ent_coef_loss   | -1.68     |
|    learning_rate   | 0.0003    |
|    n_updates       | 46474     |
----------------------------------
----------------------------------
| rollout/           |           |
|    ep_len_mean     | 500       |
|    ep_rew_mean     | -1.38e+03 |
| time/              |           |
|    episodes        | 376       |
|    fps             | 286       |
|    time_elapsed    | 657       |
|    total_timesteps | 188000    |
| train/             |           |
|    actor_loss      | 211       |
|    critic_loss     | 9.98      |
|    ent_coef        | 0.0743    |
|    ent_coef_loss   | 1.85      |
|    learning_rate   | 0.0003    |
|    n_updates       | 46974     |
----------------------------------
Eval num_timesteps=190000, episode_reward=-1338.64 +/- 555.48
Episode length: 500.00 +/- 0.00
----------------------------------
| eval/              |           |
|    mean_ep_length  | 500       |
|    mean_reward     | -1.34e+03 |
| time/              |           |
|    total_timesteps | 190000    |
| train/             |           |
|    actor_loss      | 202       |
|    critic_loss     | 8.21      |
|    ent_coef        | 0.0758    |
|    ent_coef_loss   | -0.737    |
|    learning_rate   | 0.0003    |
|    n_updates       | 47474     |
----------------------------------
----------------------------------
| rollout/           |           |
|    ep_len_mean     | 500       |
|    ep_rew_mean     | -1.36e+03 |
| time/              |           |
|    episodes        | 380       |
|    fps             | 284       |
|    time_elapsed    | 667       |
|    total_timesteps | 190000    |
----------------------------------
----------------------------------
| rollout/           |           |
|    ep_len_mean     | 500       |
|    ep_rew_mean     | -1.36e+03 |
| time/              |           |
|    episodes        | 384       |
|    fps             | 284       |
|    time_elapsed    | 673       |
|    total_timesteps | 192000    |
| train/             |           |
|    actor_loss      | 198       |
|    critic_loss     | 19.8      |
|    ent_coef        | 0.0765    |
|    ent_coef_loss   | -0.386    |
|    learning_rate   | 0.0003    |
|    n_updates       | 47974     |
----------------------------------
----------------------------------
| rollout/           |           |
|    ep_len_mean     | 500       |
|    ep_rew_mean     | -1.36e+03 |
| time/              |           |
|    episodes        | 388       |
|    fps             | 285       |
|    time_elapsed    | 679       |
|    total_timesteps | 194000    |
| train/             |           |
|    actor_loss      | 197       |
|    critic_loss     | 11        |
|    ent_coef        | 0.0771    |
|    ent_coef_loss   | 0.676     |
|    learning_rate   | 0.0003    |
|    n_updates       | 48474     |
----------------------------------
----------------------------------
| rollout/           |           |
|    ep_len_mean     | 500       |
|    ep_rew_mean     | -1.35e+03 |
| time/              |           |
|    episodes        | 392       |
|    fps             | 286       |
|    time_elapsed    | 684       |
|    total_timesteps | 196000    |
| train/             |           |
|    actor_loss      | 193       |
|    critic_loss     | 6.96      |
|    ent_coef        | 0.0761    |
|    ent_coef_loss   | -0.938    |
|    learning_rate   | 0.0003    |
|    n_updates       | 48974     |
----------------------------------
----------------------------------
| rollout/           |           |
|    ep_len_mean     | 500       |
|    ep_rew_mean     | -1.36e+03 |
| time/              |           |
|    episodes        | 396       |
|    fps             | 286       |
|    time_elapsed    | 690       |
|    total_timesteps | 198000    |
| train/             |           |
|    actor_loss      | 234       |
|    critic_loss     | 8.86      |
|    ent_coef        | 0.0771    |
|    ent_coef_loss   | 2.1       |
|    learning_rate   | 0.0003    |
|    n_updates       | 49474     |
----------------------------------
Eval num_timesteps=200000, episode_reward=-1502.90 +/- 434.10
Episode length: 500.00 +/- 0.00
---------------------------------
| eval/              |          |
|    mean_ep_length  | 500      |
|    mean_reward     | -1.5e+03 |
| time/              |          |
|    total_timesteps | 200000   |
| train/             |          |
|    actor_loss      | 195      |
|    critic_loss     | 12.5     |
|    ent_coef        | 0.0768   |
|    ent_coef_loss   | -2.18    |
|    learning_rate   | 0.0003   |
|    n_updates       | 49974    |
---------------------------------
----------------------------------
| rollout/           |           |
|    ep_len_mean     | 500       |
|    ep_rew_mean     | -1.36e+03 |
| time/              |           |
|    episodes        | 400       |
|    fps             | 285       |
|    time_elapsed    | 699       |
|    total_timesteps | 200000    |
----------------------------------
----------------------------------
| rollout/           |           |
|    ep_len_mean     | 500       |
|    ep_rew_mean     | -1.36e+03 |
| time/              |           |
|    episodes        | 404       |
|    fps             | 286       |
|    time_elapsed    | 704       |
|    total_timesteps | 202000    |
| train/             |           |
|    actor_loss      | 222       |
|    critic_loss     | 12.1      |
|    ent_coef        | 0.0767    |
|    ent_coef_loss   | 1.28      |
|    learning_rate   | 0.0003    |
|    n_updates       | 50474     |
----------------------------------
----------------------------------
| rollout/           |           |
|    ep_len_mean     | 500       |
|    ep_rew_mean     | -1.32e+03 |
| time/              |           |
|    episodes        | 408       |
|    fps             | 287       |
|    time_elapsed    | 709       |
|    total_timesteps | 204000    |
| train/             |           |
|    actor_loss      | 259       |
|    critic_loss     | 20.8      |
|    ent_coef        | 0.0761    |
|    ent_coef_loss   | 3.14      |
|    learning_rate   | 0.0003    |
|    n_updates       | 50974     |
----------------------------------
----------------------------------
| rollout/           |           |
|    ep_len_mean     | 500       |
|    ep_rew_mean     | -1.29e+03 |
| time/              |           |
|    episodes        | 412       |
|    fps             | 287       |
|    time_elapsed    | 715       |
|    total_timesteps | 206000    |
| train/             |           |
|    actor_loss      | 223       |
|    critic_loss     | 8.55      |
|    ent_coef        | 0.0764    |
|    ent_coef_loss   | 0.393     |
|    learning_rate   | 0.0003    |
|    n_updates       | 51474     |
----------------------------------
----------------------------------
| rollout/           |           |
|    ep_len_mean     | 500       |
|    ep_rew_mean     | -1.26e+03 |
| time/              |           |
|    episodes        | 416       |
|    fps             | 288       |
|    time_elapsed    | 720       |
|    total_timesteps | 208000    |
| train/             |           |
|    actor_loss      | 224       |
|    critic_loss     | 8.95      |
|    ent_coef        | 0.0755    |
|    ent_coef_loss   | -2.05     |
|    learning_rate   | 0.0003    |
|    n_updates       | 51974     |
----------------------------------
Eval num_timesteps=210000, episode_reward=-780.28 +/- 349.25
Episode length: 500.00 +/- 0.00
---------------------------------
| eval/              |          |
|    mean_ep_length  | 500      |
|    mean_reward     | -780     |
| time/              |          |
|    total_timesteps | 210000   |
| train/             |          |
|    actor_loss      | 225      |
|    critic_loss     | 10.4     |
|    ent_coef        | 0.0747   |
|    ent_coef_loss   | 0.976    |
|    learning_rate   | 0.0003   |
|    n_updates       | 52474    |
---------------------------------
----------------------------------
| rollout/           |           |
|    ep_len_mean     | 500       |
|    ep_rew_mean     | -1.24e+03 |
| time/              |           |
|    episodes        | 420       |
|    fps             | 286       |
|    time_elapsed    | 732       |
|    total_timesteps | 210000    |
----------------------------------
----------------------------------
| rollout/           |           |
|    ep_len_mean     | 500       |
|    ep_rew_mean     | -1.21e+03 |
| time/              |           |
|    episodes        | 424       |
|    fps             | 286       |
|    time_elapsed    | 739       |
|    total_timesteps | 212000    |
| train/             |           |
|    actor_loss      | 266       |
|    critic_loss     | 12        |
|    ent_coef        | 0.0746    |
|    ent_coef_loss   | 2.27      |
|    learning_rate   | 0.0003    |
|    n_updates       | 52974     |
----------------------------------
----------------------------------
| rollout/           |           |
|    ep_len_mean     | 500       |
|    ep_rew_mean     | -1.21e+03 |
| time/              |           |
|    episodes        | 428       |
|    fps             | 287       |
|    time_elapsed    | 745       |
|    total_timesteps | 214000    |
| train/             |           |
|    actor_loss      | 227       |
|    critic_loss     | 15.1      |
|    ent_coef        | 0.0736    |
|    ent_coef_loss   | -0.929    |
|    learning_rate   | 0.0003    |
|    n_updates       | 53474     |
----------------------------------
----------------------------------
| rollout/           |           |
|    ep_len_mean     | 500       |
|    ep_rew_mean     | -1.18e+03 |
| time/              |           |
|    episodes        | 432       |
|    fps             | 287       |
|    time_elapsed    | 751       |
|    total_timesteps | 216000    |
| train/             |           |
|    actor_loss      | 269       |
|    critic_loss     | 27.7      |
|    ent_coef        | 0.0734    |
|    ent_coef_loss   | 2.11      |
|    learning_rate   | 0.0003    |
|    n_updates       | 53974     |
----------------------------------
----------------------------------
| rollout/           |           |
|    ep_len_mean     | 500       |
|    ep_rew_mean     | -1.18e+03 |
| time/              |           |
|    episodes        | 436       |
|    fps             | 287       |
|    time_elapsed    | 757       |
|    total_timesteps | 218000    |
| train/             |           |
|    actor_loss      | 236       |
|    critic_loss     | 9.44      |
|    ent_coef        | 0.0742    |
|    ent_coef_loss   | 0.74      |
|    learning_rate   | 0.0003    |
|    n_updates       | 54474     |
----------------------------------
Eval num_timesteps=220000, episode_reward=-1168.59 +/- 570.63
Episode length: 500.00 +/- 0.00
----------------------------------
| eval/              |           |
|    mean_ep_length  | 500       |
|    mean_reward     | -1.17e+03 |
| time/              |           |
|    total_timesteps | 220000    |
| train/             |           |
|    actor_loss      | 229       |
|    critic_loss     | 8.01      |
|    ent_coef        | 0.0749    |
|    ent_coef_loss   | -2.28     |
|    learning_rate   | 0.0003    |
|    n_updates       | 54974     |
----------------------------------
----------------------------------
| rollout/           |           |
|    ep_len_mean     | 500       |
|    ep_rew_mean     | -1.17e+03 |
| time/              |           |
|    episodes        | 440       |
|    fps             | 285       |
|    time_elapsed    | 769       |
|    total_timesteps | 220000    |
----------------------------------
----------------------------------
| rollout/           |           |
|    ep_len_mean     | 500       |
|    ep_rew_mean     | -1.16e+03 |
| time/              |           |
|    episodes        | 444       |
|    fps             | 286       |
|    time_elapsed    | 776       |
|    total_timesteps | 222000    |
| train/             |           |
|    actor_loss      | 212       |
|    critic_loss     | 8.14      |
|    ent_coef        | 0.0736    |
|    ent_coef_loss   | -1.93     |
|    learning_rate   | 0.0003    |
|    n_updates       | 55474     |
----------------------------------
----------------------------------
| rollout/           |           |
|    ep_len_mean     | 500       |
|    ep_rew_mean     | -1.14e+03 |
| time/              |           |
|    episodes        | 448       |
|    fps             | 286       |
|    time_elapsed    | 782       |
|    total_timesteps | 224000    |
| train/             |           |
|    actor_loss      | 230       |
|    critic_loss     | 15.8      |
|    ent_coef        | 0.0734    |
|    ent_coef_loss   | -0.389    |
|    learning_rate   | 0.0003    |
|    n_updates       | 55974     |
----------------------------------
----------------------------------
| rollout/           |           |
|    ep_len_mean     | 500       |
|    ep_rew_mean     | -1.09e+03 |
| time/              |           |
|    episodes        | 452       |
|    fps             | 286       |
|    time_elapsed    | 788       |
|    total_timesteps | 226000    |
| train/             |           |
|    actor_loss      | 250       |
|    critic_loss     | 12.9      |
|    ent_coef        | 0.0729    |
|    ent_coef_loss   | 0.212     |
|    learning_rate   | 0.0003    |
|    n_updates       | 56474     |
----------------------------------
----------------------------------
| rollout/           |           |
|    ep_len_mean     | 500       |
|    ep_rew_mean     | -1.07e+03 |
| time/              |           |
|    episodes        | 456       |
|    fps             | 286       |
|    time_elapsed    | 794       |
|    total_timesteps | 228000    |
| train/             |           |
|    actor_loss      | 245       |
|    critic_loss     | 23.2      |
|    ent_coef        | 0.0723    |
|    ent_coef_loss   | -0.0522   |
|    learning_rate   | 0.0003    |
|    n_updates       | 56974     |
----------------------------------
Eval num_timesteps=230000, episode_reward=-1090.10 +/- 406.99
Episode length: 500.00 +/- 0.00
----------------------------------
| eval/              |           |
|    mean_ep_length  | 500       |
|    mean_reward     | -1.09e+03 |
| time/              |           |
|    total_timesteps | 230000    |
| train/             |           |
|    actor_loss      | 298       |
|    critic_loss     | 11.4      |
|    ent_coef        | 0.0711    |
|    ent_coef_loss   | 2.83      |
|    learning_rate   | 0.0003    |
|    n_updates       | 57474     |
----------------------------------
----------------------------------
| rollout/           |           |
|    ep_len_mean     | 500       |
|    ep_rew_mean     | -1.04e+03 |
| time/              |           |
|    episodes        | 460       |
|    fps             | 285       |
|    time_elapsed    | 805       |
|    total_timesteps | 230000    |
----------------------------------
----------------------------------
| rollout/           |           |
|    ep_len_mean     | 500       |
|    ep_rew_mean     | -1.01e+03 |
| time/              |           |
|    episodes        | 464       |
|    fps             | 285       |
|    time_elapsed    | 811       |
|    total_timesteps | 232000    |
| train/             |           |
|    actor_loss      | 238       |
|    critic_loss     | 7.05      |
|    ent_coef        | 0.07      |
|    ent_coef_loss   | 0.988     |
|    learning_rate   | 0.0003    |
|    n_updates       | 57974     |
----------------------------------
---------------------------------
| rollout/           |          |
|    ep_len_mean     | 500      |
|    ep_rew_mean     | -976     |
| time/              |          |
|    episodes        | 468      |
|    fps             | 286      |
|    time_elapsed    | 817      |
|    total_timesteps | 234000   |
| train/             |          |
|    actor_loss      | 242      |
|    critic_loss     | 10.1     |
|    ent_coef        | 0.0699   |
|    ent_coef_loss   | 1.17     |
|    learning_rate   | 0.0003   |
|    n_updates       | 58474    |
---------------------------------
---------------------------------
| rollout/           |          |
|    ep_len_mean     | 500      |
|    ep_rew_mean     | -970     |
| time/              |          |
|    episodes        | 472      |
|    fps             | 286      |
|    time_elapsed    | 822      |
|    total_timesteps | 236000   |
| train/             |          |
|    actor_loss      | 241      |
|    critic_loss     | 19.5     |
|    ent_coef        | 0.07     |
|    ent_coef_loss   | 0.579    |
|    learning_rate   | 0.0003   |
|    n_updates       | 58974    |
---------------------------------
---------------------------------
| rollout/           |          |
|    ep_len_mean     | 500      |
|    ep_rew_mean     | -946     |
| time/              |          |
|    episodes        | 476      |
|    fps             | 286      |
|    time_elapsed    | 829      |
|    total_timesteps | 238000   |
| train/             |          |
|    actor_loss      | 256      |
|    critic_loss     | 7.65     |
|    ent_coef        | 0.071    |
|    ent_coef_loss   | -0.262   |
|    learning_rate   | 0.0003   |
|    n_updates       | 59474    |
---------------------------------
Eval num_timesteps=240000, episode_reward=-1119.55 +/- 273.84
Episode length: 500.00 +/- 0.00
----------------------------------
| eval/              |           |
|    mean_ep_length  | 500       |
|    mean_reward     | -1.12e+03 |
| time/              |           |
|    total_timesteps | 240000    |
| train/             |           |
|    actor_loss      | 264       |
|    critic_loss     | 11.9      |
|    ent_coef        | 0.0709    |
|    ent_coef_loss   | 1.63      |
|    learning_rate   | 0.0003    |
|    n_updates       | 59974     |
----------------------------------
---------------------------------
| rollout/           |          |
|    ep_len_mean     | 500      |
|    ep_rew_mean     | -963     |
| time/              |          |
|    episodes        | 480      |
|    fps             | 286      |
|    time_elapsed    | 839      |
|    total_timesteps | 240000   |
---------------------------------
---------------------------------
| rollout/           |          |
|    ep_len_mean     | 500      |
|    ep_rew_mean     | -955     |
| time/              |          |
|    episodes        | 484      |
|    fps             | 286      |
|    time_elapsed    | 845      |
|    total_timesteps | 242000   |
| train/             |          |
|    actor_loss      | 275      |
|    critic_loss     | 12.2     |
|    ent_coef        | 0.0709   |
|    ent_coef_loss   | 0.937    |
|    learning_rate   | 0.0003   |
|    n_updates       | 60474    |
---------------------------------
---------------------------------
| rollout/           |          |
|    ep_len_mean     | 500      |
|    ep_rew_mean     | -962     |
| time/              |          |
|    episodes        | 488      |
|    fps             | 286      |
|    time_elapsed    | 851      |
|    total_timesteps | 244000   |
| train/             |          |
|    actor_loss      | 253      |
|    critic_loss     | 17.7     |
|    ent_coef        | 0.0702   |
|    ent_coef_loss   | -2.45    |
|    learning_rate   | 0.0003   |
|    n_updates       | 60974    |
---------------------------------
---------------------------------
| rollout/           |          |
|    ep_len_mean     | 500      |
|    ep_rew_mean     | -976     |
| time/              |          |
|    episodes        | 492      |
|    fps             | 286      |
|    time_elapsed    | 857      |
|    total_timesteps | 246000   |
| train/             |          |
|    actor_loss      | 256      |
|    critic_loss     | 30.6     |
|    ent_coef        | 0.0695   |
|    ent_coef_loss   | 1.04     |
|    learning_rate   | 0.0003   |
|    n_updates       | 61474    |
---------------------------------
---------------------------------
| rollout/           |          |
|    ep_len_mean     | 500      |
|    ep_rew_mean     | -984     |
| time/              |          |
|    episodes        | 496      |
|    fps             | 286      |
|    time_elapsed    | 864      |
|    total_timesteps | 248000   |
| train/             |          |
|    actor_loss      | 264      |
|    critic_loss     | 10.4     |
|    ent_coef        | 0.069    |
|    ent_coef_loss   | -1.91    |
|    learning_rate   | 0.0003   |
|    n_updates       | 61974    |
---------------------------------
Eval num_timesteps=250000, episode_reward=-1567.02 +/- 554.02
Episode length: 500.00 +/- 0.00
----------------------------------
| eval/              |           |
|    mean_ep_length  | 500       |
|    mean_reward     | -1.57e+03 |
| time/              |           |
|    total_timesteps | 250000    |
| train/             |           |
|    actor_loss      | 213       |
|    critic_loss     | 7.66      |
|    ent_coef        | 0.0677    |
|    ent_coef_loss   | -1.74     |
|    learning_rate   | 0.0003    |
|    n_updates       | 62474     |
----------------------------------
---------------------------------
| rollout/           |          |
|    ep_len_mean     | 500      |
|    ep_rew_mean     | -983     |
| time/              |          |
|    episodes        | 500      |
|    fps             | 285      |
|    time_elapsed    | 874      |
|    total_timesteps | 250000   |
---------------------------------
---------------------------------
| rollout/           |          |
|    ep_len_mean     | 500      |
|    ep_rew_mean     | -959     |
| time/              |          |
|    episodes        | 504      |
|    fps             | 285      |
|    time_elapsed    | 881      |
|    total_timesteps | 252000   |
| train/             |          |
|    actor_loss      | 222      |
|    critic_loss     | 17.3     |
|    ent_coef        | 0.067    |
|    ent_coef_loss   | -0.354   |
|    learning_rate   | 0.0003   |
|    n_updates       | 62974    |
---------------------------------
---------------------------------
| rollout/           |          |
|    ep_len_mean     | 500      |
|    ep_rew_mean     | -974     |
| time/              |          |
|    episodes        | 508      |
|    fps             | 286      |
|    time_elapsed    | 887      |
|    total_timesteps | 254000   |
| train/             |          |
|    actor_loss      | 227      |
|    critic_loss     | 7.69     |
|    ent_coef        | 0.0659   |
|    ent_coef_loss   | -1.73    |
|    learning_rate   | 0.0003   |
|    n_updates       | 63474    |
---------------------------------
---------------------------------
| rollout/           |          |
|    ep_len_mean     | 500      |
|    ep_rew_mean     | -965     |
| time/              |          |
|    episodes        | 512      |
|    fps             | 286      |
|    time_elapsed    | 893      |
|    total_timesteps | 256000   |
| train/             |          |
|    actor_loss      | 284      |
|    critic_loss     | 6.02     |
|    ent_coef        | 0.065    |
|    ent_coef_loss   | 0.815    |
|    learning_rate   | 0.0003   |
|    n_updates       | 63974    |
---------------------------------
---------------------------------
| rollout/           |          |
|    ep_len_mean     | 500      |
|    ep_rew_mean     | -959     |
| time/              |          |
|    episodes        | 516      |
|    fps             | 286      |
|    time_elapsed    | 898      |
|    total_timesteps | 258000   |
| train/             |          |
|    actor_loss      | 243      |
|    critic_loss     | 8.39     |
|    ent_coef        | 0.0643   |
|    ent_coef_loss   | -1.25    |
|    learning_rate   | 0.0003   |
|    n_updates       | 64474    |
---------------------------------
Eval num_timesteps=260000, episode_reward=-588.95 +/- 176.20
Episode length: 500.00 +/- 0.00
---------------------------------
| eval/              |          |
|    mean_ep_length  | 500      |
|    mean_reward     | -589     |
| time/              |          |
|    total_timesteps | 260000   |
| train/             |          |
|    actor_loss      | 248      |
|    critic_loss     | 7.1      |
|    ent_coef        | 0.0629   |
|    ent_coef_loss   | -0.928   |
|    learning_rate   | 0.0003   |
|    n_updates       | 64974    |
---------------------------------
---------------------------------
| rollout/           |          |
|    ep_len_mean     | 500      |
|    ep_rew_mean     | -933     |
| time/              |          |
|    episodes        | 520      |
|    fps             | 285      |
|    time_elapsed    | 910      |
|    total_timesteps | 260000   |
---------------------------------
---------------------------------
| rollout/           |          |
|    ep_len_mean     | 500      |
|    ep_rew_mean     | -927     |
| time/              |          |
|    episodes        | 524      |
|    fps             | 285      |
|    time_elapsed    | 917      |
|    total_timesteps | 262000   |
| train/             |          |
|    actor_loss      | 245      |
|    critic_loss     | 10.1     |
|    ent_coef        | 0.0603   |
|    ent_coef_loss   | 0.706    |
|    learning_rate   | 0.0003   |
|    n_updates       | 65474    |
---------------------------------
---------------------------------
| rollout/           |          |
|    ep_len_mean     | 500      |
|    ep_rew_mean     | -906     |
| time/              |          |
|    episodes        | 528      |
|    fps             | 285      |
|    time_elapsed    | 923      |
|    total_timesteps | 264000   |
| train/             |          |
|    actor_loss      | 256      |
|    critic_loss     | 10.9     |
|    ent_coef        | 0.0595   |
|    ent_coef_loss   | 1.08     |
|    learning_rate   | 0.0003   |
|    n_updates       | 65974    |
---------------------------------
---------------------------------
| rollout/           |          |
|    ep_len_mean     | 500      |
|    ep_rew_mean     | -884     |
| time/              |          |
|    episodes        | 532      |
|    fps             | 286      |
|    time_elapsed    | 929      |
|    total_timesteps | 266000   |
| train/             |          |
|    actor_loss      | 287      |
|    critic_loss     | 7.21     |
|    ent_coef        | 0.0581   |
|    ent_coef_loss   | 1.92     |
|    learning_rate   | 0.0003   |
|    n_updates       | 66474    |
---------------------------------
---------------------------------
| rollout/           |          |
|    ep_len_mean     | 500      |
|    ep_rew_mean     | -862     |
| time/              |          |
|    episodes        | 536      |
|    fps             | 286      |
|    time_elapsed    | 934      |
|    total_timesteps | 268000   |
| train/             |          |
|    actor_loss      | 231      |
|    critic_loss     | 13.1     |
|    ent_coef        | 0.058    |
|    ent_coef_loss   | -1.73    |
|    learning_rate   | 0.0003   |
|    n_updates       | 66974    |
---------------------------------
Eval num_timesteps=270000, episode_reward=-567.79 +/- 134.60
Episode length: 500.00 +/- 0.00
---------------------------------
| eval/              |          |
|    mean_ep_length  | 500      |
|    mean_reward     | -568     |
| time/              |          |
|    total_timesteps | 270000   |
| train/             |          |
|    actor_loss      | 287      |
|    critic_loss     | 12       |
|    ent_coef        | 0.0565   |
|    ent_coef_loss   | 0.37     |
|    learning_rate   | 0.0003   |
|    n_updates       | 67474    |
---------------------------------
---------------------------------
| rollout/           |          |
|    ep_len_mean     | 500      |
|    ep_rew_mean     | -843     |
| time/              |          |
|    episodes        | 540      |
|    fps             | 285      |
|    time_elapsed    | 945      |
|    total_timesteps | 270000   |
---------------------------------
---------------------------------
| rollout/           |          |
|    ep_len_mean     | 500      |
|    ep_rew_mean     | -833     |
| time/              |          |
|    episodes        | 544      |
|    fps             | 285      |
|    time_elapsed    | 951      |
|    total_timesteps | 272000   |
| train/             |          |
|    actor_loss      | 269      |
|    critic_loss     | 9.99     |
|    ent_coef        | 0.0554   |
|    ent_coef_loss   | 0.883    |
|    learning_rate   | 0.0003   |
|    n_updates       | 67974    |
---------------------------------
---------------------------------
| rollout/           |          |
|    ep_len_mean     | 500      |
|    ep_rew_mean     | -833     |
| time/              |          |
|    episodes        | 548      |
|    fps             | 286      |
|    time_elapsed    | 956      |
|    total_timesteps | 274000   |
| train/             |          |
|    actor_loss      | 255      |
|    critic_loss     | 23       |
|    ent_coef        | 0.0543   |
|    ent_coef_loss   | -0.198   |
|    learning_rate   | 0.0003   |
|    n_updates       | 68474    |
---------------------------------
---------------------------------
| rollout/           |          |
|    ep_len_mean     | 500      |
|    ep_rew_mean     | -825     |
| time/              |          |
|    episodes        | 552      |
|    fps             | 286      |
|    time_elapsed    | 962      |
|    total_timesteps | 276000   |
| train/             |          |
|    actor_loss      | 285      |
|    critic_loss     | 10.5     |
|    ent_coef        | 0.0538   |
|    ent_coef_loss   | 0.936    |
|    learning_rate   | 0.0003   |
|    n_updates       | 68974    |
---------------------------------
---------------------------------
| rollout/           |          |
|    ep_len_mean     | 500      |
|    ep_rew_mean     | -827     |
| time/              |          |
|    episodes        | 556      |
|    fps             | 286      |
|    time_elapsed    | 968      |
|    total_timesteps | 278000   |
| train/             |          |
|    actor_loss      | 256      |
|    critic_loss     | 10.4     |
|    ent_coef        | 0.0531   |
|    ent_coef_loss   | -1.4     |
|    learning_rate   | 0.0003   |
|    n_updates       | 69474    |
---------------------------------
Eval num_timesteps=280000, episode_reward=-1157.54 +/- 389.82
Episode length: 500.00 +/- 0.00
----------------------------------
| eval/              |           |
|    mean_ep_length  | 500       |
|    mean_reward     | -1.16e+03 |
| time/              |           |
|    total_timesteps | 280000    |
| train/             |           |
|    actor_loss      | 248       |
|    critic_loss     | 9.32      |
|    ent_coef        | 0.0542    |
|    ent_coef_loss   | -2.55     |
|    learning_rate   | 0.0003    |
|    n_updates       | 69974     |
----------------------------------
---------------------------------
| rollout/           |          |
|    ep_len_mean     | 500      |
|    ep_rew_mean     | -845     |
| time/              |          |
|    episodes        | 560      |
|    fps             | 286      |
|    time_elapsed    | 978      |
|    total_timesteps | 280000   |
---------------------------------
---------------------------------
| rollout/           |          |
|    ep_len_mean     | 500      |
|    ep_rew_mean     | -836     |
| time/              |          |
|    episodes        | 564      |
|    fps             | 286      |
|    time_elapsed    | 983      |
|    total_timesteps | 282000   |
| train/             |          |
|    actor_loss      | 235      |
|    critic_loss     | 7.09     |
|    ent_coef        | 0.0532   |
|    ent_coef_loss   | -1.92    |
|    learning_rate   | 0.0003   |
|    n_updates       | 70474    |
---------------------------------
---------------------------------
| rollout/           |          |
|    ep_len_mean     | 500      |
|    ep_rew_mean     | -834     |
| time/              |          |
|    episodes        | 568      |
|    fps             | 286      |
|    time_elapsed    | 989      |
|    total_timesteps | 284000   |
| train/             |          |
|    actor_loss      | 237      |
|    critic_loss     | 20.3     |
|    ent_coef        | 0.0532   |
|    ent_coef_loss   | -1.43    |
|    learning_rate   | 0.0003   |
|    n_updates       | 70974    |
---------------------------------
---------------------------------
| rollout/           |          |
|    ep_len_mean     | 500      |
|    ep_rew_mean     | -824     |
| time/              |          |
|    episodes        | 572      |
|    fps             | 287      |
|    time_elapsed    | 995      |
|    total_timesteps | 286000   |
| train/             |          |
|    actor_loss      | 263      |
|    critic_loss     | 16.5     |
|    ent_coef        | 0.0527   |
|    ent_coef_loss   | -1.44    |
|    learning_rate   | 0.0003   |
|    n_updates       | 71474    |
---------------------------------
---------------------------------
| rollout/           |          |
|    ep_len_mean     | 500      |
|    ep_rew_mean     | -808     |
| time/              |          |
|    episodes        | 576      |
|    fps             | 287      |
|    time_elapsed    | 1001     |
|    total_timesteps | 288000   |
| train/             |          |
|    actor_loss      | 301      |
|    critic_loss     | 12.3     |
|    ent_coef        | 0.0521   |
|    ent_coef_loss   | 1.62     |
|    learning_rate   | 0.0003   |
|    n_updates       | 71974    |
---------------------------------
Eval num_timesteps=290000, episode_reward=-638.11 +/- 161.46
Episode length: 500.00 +/- 0.00
---------------------------------
| eval/              |          |
|    mean_ep_length  | 500      |
|    mean_reward     | -638     |
| time/              |          |
|    total_timesteps | 290000   |
| train/             |          |
|    actor_loss      | 331      |
|    critic_loss     | 10.1     |
|    ent_coef        | 0.0524   |
|    ent_coef_loss   | 3.84     |
|    learning_rate   | 0.0003   |
|    n_updates       | 72474    |
---------------------------------
---------------------------------
| rollout/           |          |
|    ep_len_mean     | 500      |
|    ep_rew_mean     | -783     |
| time/              |          |
|    episodes        | 580      |
|    fps             | 286      |
|    time_elapsed    | 1012     |
|    total_timesteps | 290000   |
---------------------------------
---------------------------------
| rollout/           |          |
|    ep_len_mean     | 500      |
|    ep_rew_mean     | -766     |
| time/              |          |
|    episodes        | 584      |
|    fps             | 286      |
|    time_elapsed    | 1018     |
|    total_timesteps | 292000   |
| train/             |          |
|    actor_loss      | 260      |
|    critic_loss     | 9.1      |
|    ent_coef        | 0.0519   |
|    ent_coef_loss   | -0.436   |
|    learning_rate   | 0.0003   |
|    n_updates       | 72974    |
---------------------------------
---------------------------------
| rollout/           |          |
|    ep_len_mean     | 500      |
|    ep_rew_mean     | -742     |
| time/              |          |
|    episodes        | 588      |
|    fps             | 286      |
|    time_elapsed    | 1024     |
|    total_timesteps | 294000   |
| train/             |          |
|    actor_loss      | 274      |
|    critic_loss     | 10.1     |
|    ent_coef        | 0.0507   |
|    ent_coef_loss   | 0.703    |
|    learning_rate   | 0.0003   |
|    n_updates       | 73474    |
---------------------------------
---------------------------------
| rollout/           |          |
|    ep_len_mean     | 500      |
|    ep_rew_mean     | -716     |
| time/              |          |
|    episodes        | 592      |
|    fps             | 287      |
|    time_elapsed    | 1030     |
|    total_timesteps | 296000   |
| train/             |          |
|    actor_loss      | 261      |
|    critic_loss     | 22.5     |
|    ent_coef        | 0.0507   |
|    ent_coef_loss   | -0.217   |
|    learning_rate   | 0.0003   |
|    n_updates       | 73974    |
---------------------------------
---------------------------------
| rollout/           |          |
|    ep_len_mean     | 500      |
|    ep_rew_mean     | -681     |
| time/              |          |
|    episodes        | 596      |
|    fps             | 287      |
|    time_elapsed    | 1036     |
|    total_timesteps | 298000   |
| train/             |          |
|    actor_loss      | 214      |
|    critic_loss     | 15.6     |
|    ent_coef        | 0.0502   |
|    ent_coef_loss   | -2.54    |
|    learning_rate   | 0.0003   |
|    n_updates       | 74474    |
---------------------------------
Eval num_timesteps=300000, episode_reward=-720.10 +/- 276.34
Episode length: 500.00 +/- 0.00
---------------------------------
| eval/              |          |
|    mean_ep_length  | 500      |
|    mean_reward     | -720     |
| time/              |          |
|    total_timesteps | 300000   |
| train/             |          |
|    actor_loss      | 248      |
|    critic_loss     | 16.8     |
|    ent_coef        | 0.0501   |
|    ent_coef_loss   | -0.489   |
|    learning_rate   | 0.0003   |
|    n_updates       | 74974    |
---------------------------------
---------------------------------
| rollout/           |          |
|    ep_len_mean     | 500      |
|    ep_rew_mean     | -658     |
| time/              |          |
|    episodes        | 600      |
|    fps             | 287      |
|    time_elapsed    | 1044     |
|    total_timesteps | 300000   |
---------------------------------
---------------------------------
| rollout/           |          |
|    ep_len_mean     | 500      |
|    ep_rew_mean     | -638     |
| time/              |          |
|    episodes        | 604      |
|    fps             | 287      |
|    time_elapsed    | 1048     |
|    total_timesteps | 302000   |
| train/             |          |
|    actor_loss      | 268      |
|    critic_loss     | 14.3     |
|    ent_coef        | 0.0506   |
|    ent_coef_loss   | -0.66    |
|    learning_rate   | 0.0003   |
|    n_updates       | 75474    |
---------------------------------
---------------------------------
| rollout/           |          |
|    ep_len_mean     | 500      |
|    ep_rew_mean     | -612     |
| time/              |          |
|    episodes        | 608      |
|    fps             | 288      |
|    time_elapsed    | 1055     |
|    total_timesteps | 304000   |
| train/             |          |
|    actor_loss      | 286      |
|    critic_loss     | 13.6     |
|    ent_coef        | 0.0518   |
|    ent_coef_loss   | 1.72     |
|    learning_rate   | 0.0003   |
|    n_updates       | 75974    |
---------------------------------
---------------------------------
| rollout/           |          |
|    ep_len_mean     | 500      |
|    ep_rew_mean     | -607     |
| time/              |          |
|    episodes        | 612      |
|    fps             | 288      |
|    time_elapsed    | 1061     |
|    total_timesteps | 306000   |
| train/             |          |
|    actor_loss      | 286      |
|    critic_loss     | 9.55     |
|    ent_coef        | 0.0521   |
|    ent_coef_loss   | -0.0103  |
|    learning_rate   | 0.0003   |
|    n_updates       | 76474    |
---------------------------------
---------------------------------
| rollout/           |          |
|    ep_len_mean     | 500      |
|    ep_rew_mean     | -612     |
| time/              |          |
|    episodes        | 616      |
|    fps             | 288      |
|    time_elapsed    | 1067     |
|    total_timesteps | 308000   |
| train/             |          |
|    actor_loss      | 281      |
|    critic_loss     | 9.75     |
|    ent_coef        | 0.053    |
|    ent_coef_loss   | -0.455   |
|    learning_rate   | 0.0003   |
|    n_updates       | 76974    |
---------------------------------
Eval num_timesteps=310000, episode_reward=-1054.42 +/- 507.63
Episode length: 500.00 +/- 0.00
----------------------------------
| eval/              |           |
|    mean_ep_length  | 500       |
|    mean_reward     | -1.05e+03 |
| time/              |           |
|    total_timesteps | 310000    |
| train/             |           |
|    actor_loss      | 265       |
|    critic_loss     | 8.23      |
|    ent_coef        | 0.0518    |
|    ent_coef_loss   | 0.435     |
|    learning_rate   | 0.0003    |
|    n_updates       | 77474     |
----------------------------------
---------------------------------
| rollout/           |          |
|    ep_len_mean     | 500      |
|    ep_rew_mean     | -626     |
| time/              |          |
|    episodes        | 620      |
|    fps             | 287      |
|    time_elapsed    | 1076     |
|    total_timesteps | 310000   |
---------------------------------
---------------------------------
| rollout/           |          |
|    ep_len_mean     | 500      |
|    ep_rew_mean     | -629     |
| time/              |          |
|    episodes        | 624      |
|    fps             | 288      |
|    time_elapsed    | 1082     |
|    total_timesteps | 312000   |
| train/             |          |
|    actor_loss      | 265      |
|    critic_loss     | 12.3     |
|    ent_coef        | 0.0502   |
|    ent_coef_loss   | -0.926   |
|    learning_rate   | 0.0003   |
|    n_updates       | 77974    |
---------------------------------
---------------------------------
| rollout/           |          |
|    ep_len_mean     | 500      |
|    ep_rew_mean     | -629     |
| time/              |          |
|    episodes        | 628      |
|    fps             | 288      |
|    time_elapsed    | 1088     |
|    total_timesteps | 314000   |
| train/             |          |
|    actor_loss      | 272      |
|    critic_loss     | 13       |
|    ent_coef        | 0.0501   |
|    ent_coef_loss   | 1.57     |
|    learning_rate   | 0.0003   |
|    n_updates       | 78474    |
---------------------------------
---------------------------------
| rollout/           |          |
|    ep_len_mean     | 500      |
|    ep_rew_mean     | -633     |
| time/              |          |
|    episodes        | 632      |
|    fps             | 288      |
|    time_elapsed    | 1094     |
|    total_timesteps | 316000   |
| train/             |          |
|    actor_loss      | 264      |
|    critic_loss     | 8.64     |
|    ent_coef        | 0.0506   |
|    ent_coef_loss   | -0.338   |
|    learning_rate   | 0.0003   |
|    n_updates       | 78974    |
---------------------------------
---------------------------------
| rollout/           |          |
|    ep_len_mean     | 500      |
|    ep_rew_mean     | -633     |
| time/              |          |
|    episodes        | 636      |
|    fps             | 288      |
|    time_elapsed    | 1100     |
|    total_timesteps | 318000   |
| train/             |          |
|    actor_loss      | 264      |
|    critic_loss     | 10.6     |
|    ent_coef        | 0.0507   |
|    ent_coef_loss   | -1.37    |
|    learning_rate   | 0.0003   |
|    n_updates       | 79474    |
---------------------------------
Eval num_timesteps=320000, episode_reward=-546.15 +/- 87.81
Episode length: 500.00 +/- 0.00
---------------------------------
| eval/              |          |
|    mean_ep_length  | 500      |
|    mean_reward     | -546     |
| time/              |          |
|    total_timesteps | 320000   |
| train/             |          |
|    actor_loss      | 232      |
|    critic_loss     | 20.5     |
|    ent_coef        | 0.0513   |
|    ent_coef_loss   | -0.0595  |
|    learning_rate   | 0.0003   |
|    n_updates       | 79974    |
---------------------------------
---------------------------------
| rollout/           |          |
|    ep_len_mean     | 500      |
|    ep_rew_mean     | -630     |
| time/              |          |
|    episodes        | 640      |
|    fps             | 288      |
|    time_elapsed    | 1110     |
|    total_timesteps | 320000   |
---------------------------------
---------------------------------
| rollout/           |          |
|    ep_len_mean     | 500      |
|    ep_rew_mean     | -642     |
| time/              |          |
|    episodes        | 644      |
|    fps             | 288      |
|    time_elapsed    | 1115     |
|    total_timesteps | 322000   |
| train/             |          |
|    actor_loss      | 249      |
|    critic_loss     | 9.43     |
|    ent_coef        | 0.0512   |
|    ent_coef_loss   | -0.985   |
|    learning_rate   | 0.0003   |
|    n_updates       | 80474    |
---------------------------------
---------------------------------
| rollout/           |          |
|    ep_len_mean     | 500      |
|    ep_rew_mean     | -640     |
| time/              |          |
|    episodes        | 648      |
|    fps             | 288      |
|    time_elapsed    | 1121     |
|    total_timesteps | 324000   |
| train/             |          |
|    actor_loss      | 267      |
|    critic_loss     | 9.9      |
|    ent_coef        | 0.05     |
|    ent_coef_loss   | 0.155    |
|    learning_rate   | 0.0003   |
|    n_updates       | 80974    |
---------------------------------
---------------------------------
| rollout/           |          |
|    ep_len_mean     | 500      |
|    ep_rew_mean     | -639     |
| time/              |          |
|    episodes        | 652      |
|    fps             | 289      |
|    time_elapsed    | 1127     |
|    total_timesteps | 326000   |
| train/             |          |
|    actor_loss      | 281      |
|    critic_loss     | 8.46     |
|    ent_coef        | 0.0506   |
|    ent_coef_loss   | 1.1      |
|    learning_rate   | 0.0003   |
|    n_updates       | 81474    |
---------------------------------
---------------------------------
| rollout/           |          |
|    ep_len_mean     | 500      |
|    ep_rew_mean     | -629     |
| time/              |          |
|    episodes        | 656      |
|    fps             | 289      |
|    time_elapsed    | 1133     |
|    total_timesteps | 328000   |
| train/             |          |
|    actor_loss      | 270      |
|    critic_loss     | 9.52     |
|    ent_coef        | 0.0507   |
|    ent_coef_loss   | 1.52     |
|    learning_rate   | 0.0003   |
|    n_updates       | 81974    |
---------------------------------
Eval num_timesteps=330000, episode_reward=-501.83 +/- 0.75
Episode length: 500.00 +/- 0.00
---------------------------------
| eval/              |          |
|    mean_ep_length  | 500      |
|    mean_reward     | -502     |
| time/              |          |
|    total_timesteps | 330000   |
| train/             |          |
|    actor_loss      | 294      |
|    critic_loss     | 7.49     |
|    ent_coef        | 0.0499   |
|    ent_coef_loss   | 0.703    |
|    learning_rate   | 0.0003   |
|    n_updates       | 82474    |
---------------------------------
---------------------------------
| rollout/           |          |
|    ep_len_mean     | 500      |
|    ep_rew_mean     | -606     |
| time/              |          |
|    episodes        | 660      |
|    fps             | 288      |
|    time_elapsed    | 1144     |
|    total_timesteps | 330000   |
---------------------------------
---------------------------------
| rollout/           |          |
|    ep_len_mean     | 500      |
|    ep_rew_mean     | -601     |
| time/              |          |
|    episodes        | 664      |
|    fps             | 288      |
|    time_elapsed    | 1150     |
|    total_timesteps | 332000   |
| train/             |          |
|    actor_loss      | 277      |
|    critic_loss     | 7.7      |
|    ent_coef        | 0.0494   |
|    ent_coef_loss   | 0.936    |
|    learning_rate   | 0.0003   |
|    n_updates       | 82974    |
---------------------------------
---------------------------------
| rollout/           |          |
|    ep_len_mean     | 500      |
|    ep_rew_mean     | -598     |
| time/              |          |
|    episodes        | 668      |
|    fps             | 288      |
|    time_elapsed    | 1156     |
|    total_timesteps | 334000   |
| train/             |          |
|    actor_loss      | 235      |
|    critic_loss     | 6.32     |
|    ent_coef        | 0.048    |
|    ent_coef_loss   | -0.27    |
|    learning_rate   | 0.0003   |
|    n_updates       | 83474    |
---------------------------------
---------------------------------
| rollout/           |          |
|    ep_len_mean     | 500      |
|    ep_rew_mean     | -595     |
| time/              |          |
|    episodes        | 672      |
|    fps             | 289      |
|    time_elapsed    | 1162     |
|    total_timesteps | 336000   |
| train/             |          |
|    actor_loss      | 267      |
|    critic_loss     | 22.7     |
|    ent_coef        | 0.0485   |
|    ent_coef_loss   | -0.0314  |
|    learning_rate   | 0.0003   |
|    n_updates       | 83974    |
---------------------------------
---------------------------------
| rollout/           |          |
|    ep_len_mean     | 500      |
|    ep_rew_mean     | -584     |
| time/              |          |
|    episodes        | 676      |
|    fps             | 289      |
|    time_elapsed    | 1168     |
|    total_timesteps | 338000   |
| train/             |          |
|    actor_loss      | 268      |
|    critic_loss     | 9.64     |
|    ent_coef        | 0.0469   |
|    ent_coef_loss   | 0.416    |
|    learning_rate   | 0.0003   |
|    n_updates       | 84474    |
---------------------------------
Eval num_timesteps=340000, episode_reward=-502.38 +/- 3.16
Episode length: 500.00 +/- 0.00
---------------------------------
| eval/              |          |
|    mean_ep_length  | 500      |
|    mean_reward     | -502     |
| time/              |          |
|    total_timesteps | 340000   |
| train/             |          |
|    actor_loss      | 257      |
|    critic_loss     | 11.2     |
|    ent_coef        | 0.0468   |
|    ent_coef_loss   | 0.848    |
|    learning_rate   | 0.0003   |
|    n_updates       | 84974    |
---------------------------------
---------------------------------
| rollout/           |          |
|    ep_len_mean     | 500      |
|    ep_rew_mean     | -584     |
| time/              |          |
|    episodes        | 680      |
|    fps             | 288      |
|    time_elapsed    | 1177     |
|    total_timesteps | 340000   |
---------------------------------
---------------------------------
| rollout/           |          |
|    ep_len_mean     | 500      |
|    ep_rew_mean     | -585     |
| time/              |          |
|    episodes        | 684      |
|    fps             | 288      |
|    time_elapsed    | 1183     |
|    total_timesteps | 342000   |
| train/             |          |
|    actor_loss      | 265      |
|    critic_loss     | 7.35     |
|    ent_coef        | 0.046    |
|    ent_coef_loss   | 0.0273   |
|    learning_rate   | 0.0003   |
|    n_updates       | 85474    |
---------------------------------
---------------------------------
| rollout/           |          |
|    ep_len_mean     | 500      |
|    ep_rew_mean     | -589     |
| time/              |          |
|    episodes        | 688      |
|    fps             | 289      |
|    time_elapsed    | 1190     |
|    total_timesteps | 344000   |
| train/             |          |
|    actor_loss      | 246      |
|    critic_loss     | 11.1     |
|    ent_coef        | 0.0468   |
|    ent_coef_loss   | -0.725   |
|    learning_rate   | 0.0003   |
|    n_updates       | 85974    |
---------------------------------
---------------------------------
| rollout/           |          |
|    ep_len_mean     | 500      |
|    ep_rew_mean     | -589     |
| time/              |          |
|    episodes        | 692      |
|    fps             | 289      |
|    time_elapsed    | 1195     |
|    total_timesteps | 346000   |
| train/             |          |
|    actor_loss      | 230      |
|    critic_loss     | 9.26     |
|    ent_coef        | 0.0463   |
|    ent_coef_loss   | -3.61    |
|    learning_rate   | 0.0003   |
|    n_updates       | 86474    |
---------------------------------
---------------------------------
| rollout/           |          |
|    ep_len_mean     | 500      |
|    ep_rew_mean     | -578     |
| time/              |          |
|    episodes        | 696      |
|    fps             | 289      |
|    time_elapsed    | 1201     |
|    total_timesteps | 348000   |
| train/             |          |
|    actor_loss      | 289      |
|    critic_loss     | 10.3     |
|    ent_coef        | 0.0446   |
|    ent_coef_loss   | 2.99     |
|    learning_rate   | 0.0003   |
|    n_updates       | 86974    |
---------------------------------
Eval num_timesteps=350000, episode_reward=-502.24 +/- 1.20
Episode length: 500.00 +/- 0.00
---------------------------------
| eval/              |          |
|    mean_ep_length  | 500      |
|    mean_reward     | -502     |
| time/              |          |
|    total_timesteps | 350000   |
| train/             |          |
|    actor_loss      | 238      |
|    critic_loss     | 6.33     |
|    ent_coef        | 0.0444   |
|    ent_coef_loss   | -1.51    |
|    learning_rate   | 0.0003   |
|    n_updates       | 87474    |
---------------------------------
---------------------------------
| rollout/           |          |
|    ep_len_mean     | 500      |
|    ep_rew_mean     | -574     |
| time/              |          |
|    episodes        | 700      |
|    fps             | 289      |
|    time_elapsed    | 1210     |
|    total_timesteps | 350000   |
---------------------------------
---------------------------------
| rollout/           |          |
|    ep_len_mean     | 500      |
|    ep_rew_mean     | -574     |
| time/              |          |
|    episodes        | 704      |
|    fps             | 289      |
|    time_elapsed    | 1216     |
|    total_timesteps | 352000   |
| train/             |          |
|    actor_loss      | 241      |
|    critic_loss     | 16.4     |
|    ent_coef        | 0.0436   |
|    ent_coef_loss   | -1.21    |
|    learning_rate   | 0.0003   |
|    n_updates       | 87974    |
---------------------------------
---------------------------------
| rollout/           |          |
|    ep_len_mean     | 500      |
|    ep_rew_mean     | -570     |
| time/              |          |
|    episodes        | 708      |
|    fps             | 289      |
|    time_elapsed    | 1222     |
|    total_timesteps | 354000   |
| train/             |          |
|    actor_loss      | 246      |
|    critic_loss     | 11.4     |
|    ent_coef        | 0.0434   |
|    ent_coef_loss   | -0.333   |
|    learning_rate   | 0.0003   |
|    n_updates       | 88474    |
---------------------------------
---------------------------------
| rollout/           |          |
|    ep_len_mean     | 500      |
|    ep_rew_mean     | -568     |
| time/              |          |
|    episodes        | 712      |
|    fps             | 289      |
|    time_elapsed    | 1228     |
|    total_timesteps | 356000   |
| train/             |          |
|    actor_loss      | 239      |
|    critic_loss     | 8.19     |
|    ent_coef        | 0.043    |
|    ent_coef_loss   | 0.195    |
|    learning_rate   | 0.0003   |
|    n_updates       | 88974    |
---------------------------------
---------------------------------
| rollout/           |          |
|    ep_len_mean     | 500      |
|    ep_rew_mean     | -563     |
| time/              |          |
|    episodes        | 716      |
|    fps             | 290      |
|    time_elapsed    | 1234     |
|    total_timesteps | 358000   |
| train/             |          |
|    actor_loss      | 266      |
|    critic_loss     | 7.79     |
|    ent_coef        | 0.0435   |
|    ent_coef_loss   | 1.94     |
|    learning_rate   | 0.0003   |
|    n_updates       | 89474    |
---------------------------------
Eval num_timesteps=360000, episode_reward=-525.96 +/- 50.34
Episode length: 500.00 +/- 0.00
---------------------------------
| eval/              |          |
|    mean_ep_length  | 500      |
|    mean_reward     | -526     |
| time/              |          |
|    total_timesteps | 360000   |
| train/             |          |
|    actor_loss      | 299      |
|    critic_loss     | 9.46     |
|    ent_coef        | 0.0426   |
|    ent_coef_loss   | 3.28     |
|    learning_rate   | 0.0003   |
|    n_updates       | 89974    |
---------------------------------
---------------------------------
| rollout/           |          |
|    ep_len_mean     | 500      |
|    ep_rew_mean     | -549     |
| time/              |          |
|    episodes        | 720      |
|    fps             | 289      |
|    time_elapsed    | 1244     |
|    total_timesteps | 360000   |
---------------------------------
---------------------------------
| rollout/           |          |
|    ep_len_mean     | 500      |
|    ep_rew_mean     | -545     |
| time/              |          |
|    episodes        | 724      |
|    fps             | 289      |
|    time_elapsed    | 1250     |
|    total_timesteps | 362000   |
| train/             |          |
|    actor_loss      | 270      |
|    critic_loss     | 10.1     |
|    ent_coef        | 0.0417   |
|    ent_coef_loss   | 2.52     |
|    learning_rate   | 0.0003   |
|    n_updates       | 90474    |
---------------------------------
---------------------------------
| rollout/           |          |
|    ep_len_mean     | 500      |
|    ep_rew_mean     | -546     |
| time/              |          |
|    episodes        | 728      |
|    fps             | 289      |
|    time_elapsed    | 1256     |
|    total_timesteps | 364000   |
| train/             |          |
|    actor_loss      | 240      |
|    critic_loss     | 9.07     |
|    ent_coef        | 0.0427   |
|    ent_coef_loss   | -0.741   |
|    learning_rate   | 0.0003   |
|    n_updates       | 90974    |
---------------------------------
---------------------------------
| rollout/           |          |
|    ep_len_mean     | 500      |
|    ep_rew_mean     | -542     |
| time/              |          |
|    episodes        | 732      |
|    fps             | 289      |
|    time_elapsed    | 1263     |
|    total_timesteps | 366000   |
| train/             |          |
|    actor_loss      | 250      |
|    critic_loss     | 7.57     |
|    ent_coef        | 0.0432   |
|    ent_coef_loss   | 0.724    |
|    learning_rate   | 0.0003   |
|    n_updates       | 91474    |
---------------------------------
---------------------------------
| rollout/           |          |
|    ep_len_mean     | 500      |
|    ep_rew_mean     | -542     |
| time/              |          |
|    episodes        | 736      |
|    fps             | 289      |
|    time_elapsed    | 1269     |
|    total_timesteps | 368000   |
| train/             |          |
|    actor_loss      | 239      |
|    critic_loss     | 6.57     |
|    ent_coef        | 0.0425   |
|    ent_coef_loss   | -0.731   |
|    learning_rate   | 0.0003   |
|    n_updates       | 91974    |
---------------------------------
Eval num_timesteps=370000, episode_reward=-589.08 +/- 221.48
Episode length: 500.00 +/- 0.00
---------------------------------
| eval/              |          |
|    mean_ep_length  | 500      |
|    mean_reward     | -589     |
| time/              |          |
|    total_timesteps | 370000   |
| train/             |          |
|    actor_loss      | 230      |
|    critic_loss     | 7.06     |
|    ent_coef        | 0.0416   |
|    ent_coef_loss   | -1.3     |
|    learning_rate   | 0.0003   |
|    n_updates       | 92474    |
---------------------------------
---------------------------------
| rollout/           |          |
|    ep_len_mean     | 500      |
|    ep_rew_mean     | -542     |
| time/              |          |
|    episodes        | 740      |
|    fps             | 289      |
|    time_elapsed    | 1278     |
|    total_timesteps | 370000   |
---------------------------------
---------------------------------
| rollout/           |          |
|    ep_len_mean     | 500      |
|    ep_rew_mean     | -529     |
| time/              |          |
|    episodes        | 744      |
|    fps             | 289      |
|    time_elapsed    | 1284     |
|    total_timesteps | 372000   |
| train/             |          |
|    actor_loss      | 249      |
|    critic_loss     | 12.3     |
|    ent_coef        | 0.0416   |
|    ent_coef_loss   | 0.0605   |
|    learning_rate   | 0.0003   |
|    n_updates       | 92974    |
---------------------------------
---------------------------------
| rollout/           |          |
|    ep_len_mean     | 500      |
|    ep_rew_mean     | -523     |
| time/              |          |
|    episodes        | 748      |
|    fps             | 289      |
|    time_elapsed    | 1291     |
|    total_timesteps | 374000   |
| train/             |          |
|    actor_loss      | 210      |
|    critic_loss     | 7.03     |
|    ent_coef        | 0.0413   |
|    ent_coef_loss   | -1.46    |
|    learning_rate   | 0.0003   |
|    n_updates       | 93474    |
---------------------------------
---------------------------------
| rollout/           |          |
|    ep_len_mean     | 500      |
|    ep_rew_mean     | -523     |
| time/              |          |
|    episodes        | 752      |
|    fps             | 290      |
|    time_elapsed    | 1296     |
|    total_timesteps | 376000   |
| train/             |          |
|    actor_loss      | 267      |
|    critic_loss     | 12.3     |
|    ent_coef        | 0.0412   |
|    ent_coef_loss   | -0.171   |
|    learning_rate   | 0.0003   |
|    n_updates       | 93974    |
---------------------------------
---------------------------------
| rollout/           |          |
|    ep_len_mean     | 500      |
|    ep_rew_mean     | -523     |
| time/              |          |
|    episodes        | 756      |
|    fps             | 290      |
|    time_elapsed    | 1302     |
|    total_timesteps | 378000   |
| train/             |          |
|    actor_loss      | 283      |
|    critic_loss     | 10.7     |
|    ent_coef        | 0.0415   |
|    ent_coef_loss   | 2.51     |
|    learning_rate   | 0.0003   |
|    n_updates       | 94474    |
---------------------------------
Eval num_timesteps=380000, episode_reward=-501.34 +/- 1.30
Episode length: 500.00 +/- 0.00
---------------------------------
| eval/              |          |
|    mean_ep_length  | 500      |
|    mean_reward     | -501     |
| time/              |          |
|    total_timesteps | 380000   |
| train/             |          |
|    actor_loss      | 259      |
|    critic_loss     | 9.87     |
|    ent_coef        | 0.0409   |
|    ent_coef_loss   | 0.524    |
|    learning_rate   | 0.0003   |
|    n_updates       | 94974    |
---------------------------------
---------------------------------
| rollout/           |          |
|    ep_len_mean     | 500      |
|    ep_rew_mean     | -523     |
| time/              |          |
|    episodes        | 760      |
|    fps             | 289      |
|    time_elapsed    | 1313     |
|    total_timesteps | 380000   |
---------------------------------
---------------------------------
| rollout/           |          |
|    ep_len_mean     | 500      |
|    ep_rew_mean     | -523     |
| time/              |          |
|    episodes        | 764      |
|    fps             | 289      |
|    time_elapsed    | 1319     |
|    total_timesteps | 382000   |
| train/             |          |
|    actor_loss      | 244      |
|    critic_loss     | 8.94     |
|    ent_coef        | 0.0403   |
|    ent_coef_loss   | -0.364   |
|    learning_rate   | 0.0003   |
|    n_updates       | 95474    |
---------------------------------
---------------------------------
| rollout/           |          |
|    ep_len_mean     | 500      |
|    ep_rew_mean     | -523     |
| time/              |          |
|    episodes        | 768      |
|    fps             | 289      |
|    time_elapsed    | 1325     |
|    total_timesteps | 384000   |
| train/             |          |
|    actor_loss      | 222      |
|    critic_loss     | 12.8     |
|    ent_coef        | 0.0403   |
|    ent_coef_loss   | -1.49    |
|    learning_rate   | 0.0003   |
|    n_updates       | 95974    |
---------------------------------
---------------------------------
| rollout/           |          |
|    ep_len_mean     | 500      |
|    ep_rew_mean     | -517     |
| time/              |          |
|    episodes        | 772      |
|    fps             | 289      |
|    time_elapsed    | 1331     |
|    total_timesteps | 386000   |
| train/             |          |
|    actor_loss      | 222      |
|    critic_loss     | 6.21     |
|    ent_coef        | 0.0399   |
|    ent_coef_loss   | -1.72    |
|    learning_rate   | 0.0003   |
|    n_updates       | 96474    |
---------------------------------
---------------------------------
| rollout/           |          |
|    ep_len_mean     | 500      |
|    ep_rew_mean     | -517     |
| time/              |          |
|    episodes        | 776      |
|    fps             | 290      |
|    time_elapsed    | 1336     |
|    total_timesteps | 388000   |
| train/             |          |
|    actor_loss      | 233      |
|    critic_loss     | 6.71     |
|    ent_coef        | 0.0392   |
|    ent_coef_loss   | -1.28    |
|    learning_rate   | 0.0003   |
|    n_updates       | 96974    |
---------------------------------
Eval num_timesteps=390000, episode_reward=-500.95 +/- 0.35
Episode length: 500.00 +/- 0.00
---------------------------------
| eval/              |          |
|    mean_ep_length  | 500      |
|    mean_reward     | -501     |
| time/              |          |
|    total_timesteps | 390000   |
| train/             |          |
|    actor_loss      | 256      |
|    critic_loss     | 6.17     |
|    ent_coef        | 0.039    |
|    ent_coef_loss   | 0.97     |
|    learning_rate   | 0.0003   |
|    n_updates       | 97474    |
---------------------------------
---------------------------------
| rollout/           |          |
|    ep_len_mean     | 500      |
|    ep_rew_mean     | -517     |
| time/              |          |
|    episodes        | 780      |
|    fps             | 289      |
|    time_elapsed    | 1345     |
|    total_timesteps | 390000   |
---------------------------------
---------------------------------
| rollout/           |          |
|    ep_len_mean     | 500      |
|    ep_rew_mean     | -517     |
| time/              |          |
|    episodes        | 784      |
|    fps             | 290      |
|    time_elapsed    | 1351     |
|    total_timesteps | 392000   |
| train/             |          |
|    actor_loss      | 227      |
|    critic_loss     | 8.14     |
|    ent_coef        | 0.0385   |
|    ent_coef_loss   | -0.181   |
|    learning_rate   | 0.0003   |
|    n_updates       | 97974    |
---------------------------------
---------------------------------
| rollout/           |          |
|    ep_len_mean     | 500      |
|    ep_rew_mean     | -507     |
| time/              |          |
|    episodes        | 788      |
|    fps             | 290      |
|    time_elapsed    | 1358     |
|    total_timesteps | 394000   |
| train/             |          |
|    actor_loss      | 224      |
|    critic_loss     | 6.07     |
|    ent_coef        | 0.0381   |
|    ent_coef_loss   | -0.443   |
|    learning_rate   | 0.0003   |
|    n_updates       | 98474    |
---------------------------------
---------------------------------
| rollout/           |          |
|    ep_len_mean     | 500      |
|    ep_rew_mean     | -507     |
| time/              |          |
|    episodes        | 792      |
|    fps             | 290      |
|    time_elapsed    | 1364     |
|    total_timesteps | 396000   |
| train/             |          |
|    actor_loss      | 214      |
|    critic_loss     | 6.43     |
|    ent_coef        | 0.0378   |
|    ent_coef_loss   | -1.59    |
|    learning_rate   | 0.0003   |
|    n_updates       | 98974    |
---------------------------------
---------------------------------
| rollout/           |          |
|    ep_len_mean     | 500      |
|    ep_rew_mean     | -510     |
| time/              |          |
|    episodes        | 796      |
|    fps             | 290      |
|    time_elapsed    | 1370     |
|    total_timesteps | 398000   |
| train/             |          |
|    actor_loss      | 255      |
|    critic_loss     | 11.4     |
|    ent_coef        | 0.0371   |
|    ent_coef_loss   | 3.31     |
|    learning_rate   | 0.0003   |
|    n_updates       | 99474    |
---------------------------------
Eval num_timesteps=400000, episode_reward=-501.35 +/- 0.37
Episode length: 500.00 +/- 0.00
---------------------------------
| eval/              |          |
|    mean_ep_length  | 500      |
|    mean_reward     | -501     |
| time/              |          |
|    total_timesteps | 400000   |
| train/             |          |
|    actor_loss      | 236      |
|    critic_loss     | 10.9     |
|    ent_coef        | 0.0368   |
|    ent_coef_loss   | 0.107    |
|    learning_rate   | 0.0003   |
|    n_updates       | 99974    |
---------------------------------
---------------------------------
| rollout/           |          |
|    ep_len_mean     | 500      |
|    ep_rew_mean     | -510     |
| time/              |          |
|    episodes        | 800      |
|    fps             | 289      |
|    time_elapsed    | 1380     |
|    total_timesteps | 400000   |
---------------------------------
---------------------------------
| rollout/           |          |
|    ep_len_mean     | 500      |
|    ep_rew_mean     | -510     |
| time/              |          |
|    episodes        | 804      |
|    fps             | 290      |
|    time_elapsed    | 1386     |
|    total_timesteps | 402000   |
| train/             |          |
|    actor_loss      | 258      |
|    critic_loss     | 6.14     |
|    ent_coef        | 0.0361   |
|    ent_coef_loss   | 0.527    |
|    learning_rate   | 0.0003   |
|    n_updates       | 100474   |
---------------------------------
---------------------------------
| rollout/           |          |
|    ep_len_mean     | 500      |
|    ep_rew_mean     | -510     |
| time/              |          |
|    episodes        | 808      |
|    fps             | 290      |
|    time_elapsed    | 1391     |
|    total_timesteps | 404000   |
| train/             |          |
|    actor_loss      | 241      |
|    critic_loss     | 6.25     |
|    ent_coef        | 0.0353   |
|    ent_coef_loss   | 0.356    |
|    learning_rate   | 0.0003   |
|    n_updates       | 100974   |
---------------------------------
---------------------------------
| rollout/           |          |
|    ep_len_mean     | 500      |
|    ep_rew_mean     | -510     |
| time/              |          |
|    episodes        | 812      |
|    fps             | 290      |
|    time_elapsed    | 1397     |
|    total_timesteps | 406000   |
| train/             |          |
|    actor_loss      | 239      |
|    critic_loss     | 7.34     |
|    ent_coef        | 0.0347   |
|    ent_coef_loss   | 0.975    |
|    learning_rate   | 0.0003   |
|    n_updates       | 101474   |
---------------------------------
---------------------------------
| rollout/           |          |
|    ep_len_mean     | 500      |
|    ep_rew_mean     | -510     |
| time/              |          |
|    episodes        | 816      |
|    fps             | 290      |
|    time_elapsed    | 1404     |
|    total_timesteps | 408000   |
| train/             |          |
|    actor_loss      | 268      |
|    critic_loss     | 8.21     |
|    ent_coef        | 0.0347   |
|    ent_coef_loss   | 2.5      |
|    learning_rate   | 0.0003   |
|    n_updates       | 101974   |
---------------------------------
Eval num_timesteps=410000, episode_reward=-626.83 +/- 238.65
Episode length: 500.00 +/- 0.00
---------------------------------
| eval/              |          |
|    mean_ep_length  | 500      |
|    mean_reward     | -627     |
| time/              |          |
|    total_timesteps | 410000   |
| train/             |          |
|    actor_loss      | 244      |
|    critic_loss     | 6.74     |
|    ent_coef        | 0.0343   |
|    ent_coef_loss   | 0.419    |
|    learning_rate   | 0.0003   |
|    n_updates       | 102474   |
---------------------------------
---------------------------------
| rollout/           |          |
|    ep_len_mean     | 500      |
|    ep_rew_mean     | -510     |
| time/              |          |
|    episodes        | 820      |
|    fps             | 290      |
|    time_elapsed    | 1413     |
|    total_timesteps | 410000   |
---------------------------------
---------------------------------
| rollout/           |          |
|    ep_len_mean     | 500      |
|    ep_rew_mean     | -510     |
| time/              |          |
|    episodes        | 824      |
|    fps             | 290      |
|    time_elapsed    | 1419     |
|    total_timesteps | 412000   |
| train/             |          |
|    actor_loss      | 258      |
|    critic_loss     | 11.6     |
|    ent_coef        | 0.0343   |
|    ent_coef_loss   | -0.222   |
|    learning_rate   | 0.0003   |
|    n_updates       | 102974   |
---------------------------------
---------------------------------
| rollout/           |          |
|    ep_len_mean     | 500      |
|    ep_rew_mean     | -515     |
| time/              |          |
|    episodes        | 828      |
|    fps             | 290      |
|    time_elapsed    | 1425     |
|    total_timesteps | 414000   |
| train/             |          |
|    actor_loss      | 243      |
|    critic_loss     | 6.08     |
|    ent_coef        | 0.034    |
|    ent_coef_loss   | -0.6     |
|    learning_rate   | 0.0003   |
|    n_updates       | 103474   |
---------------------------------
---------------------------------
| rollout/           |          |
|    ep_len_mean     | 500      |
|    ep_rew_mean     | -515     |
| time/              |          |
|    episodes        | 832      |
|    fps             | 290      |
|    time_elapsed    | 1431     |
|    total_timesteps | 416000   |
| train/             |          |
|    actor_loss      | 243      |
|    critic_loss     | 15.3     |
|    ent_coef        | 0.0339   |
|    ent_coef_loss   | -0.838   |
|    learning_rate   | 0.0003   |
|    n_updates       | 103974   |
---------------------------------
---------------------------------
| rollout/           |          |
|    ep_len_mean     | 500      |
|    ep_rew_mean     | -521     |
| time/              |          |
|    episodes        | 836      |
|    fps             | 290      |
|    time_elapsed    | 1438     |
|    total_timesteps | 418000   |
| train/             |          |
|    actor_loss      | 232      |
|    critic_loss     | 7.93     |
|    ent_coef        | 0.0337   |
|    ent_coef_loss   | 0.591    |
|    learning_rate   | 0.0003   |
|    n_updates       | 104474   |
---------------------------------
Eval num_timesteps=420000, episode_reward=-590.14 +/- 177.92
Episode length: 500.00 +/- 0.00
---------------------------------
| eval/              |          |
|    mean_ep_length  | 500      |
|    mean_reward     | -590     |
| time/              |          |
|    total_timesteps | 420000   |
| train/             |          |
|    actor_loss      | 235      |
|    critic_loss     | 6.74     |
|    ent_coef        | 0.0329   |
|    ent_coef_loss   | 0.216    |
|    learning_rate   | 0.0003   |
|    n_updates       | 104974   |
---------------------------------
---------------------------------
| rollout/           |          |
|    ep_len_mean     | 500      |
|    ep_rew_mean     | -521     |
| time/              |          |
|    episodes        | 840      |
|    fps             | 290      |
|    time_elapsed    | 1447     |
|    total_timesteps | 420000   |
---------------------------------
---------------------------------
| rollout/           |          |
|    ep_len_mean     | 500      |
|    ep_rew_mean     | -521     |
| time/              |          |
|    episodes        | 844      |
|    fps             | 290      |
|    time_elapsed    | 1454     |
|    total_timesteps | 422000   |
| train/             |          |
|    actor_loss      | 262      |
|    critic_loss     | 14.9     |
|    ent_coef        | 0.0328   |
|    ent_coef_loss   | 0.637    |
|    learning_rate   | 0.0003   |
|    n_updates       | 105474   |
---------------------------------
---------------------------------
| rollout/           |          |
|    ep_len_mean     | 500      |
|    ep_rew_mean     | -526     |
| time/              |          |
|    episodes        | 848      |
|    fps             | 290      |
|    time_elapsed    | 1461     |
|    total_timesteps | 424000   |
| train/             |          |
|    actor_loss      | 259      |
|    critic_loss     | 15.4     |
|    ent_coef        | 0.0333   |
|    ent_coef_loss   | 2.53     |
|    learning_rate   | 0.0003   |
|    n_updates       | 105974   |
---------------------------------
---------------------------------
| rollout/           |          |
|    ep_len_mean     | 500      |
|    ep_rew_mean     | -526     |
| time/              |          |
|    episodes        | 852      |
|    fps             | 290      |
|    time_elapsed    | 1467     |
|    total_timesteps | 426000   |
| train/             |          |
|    actor_loss      | 239      |
|    critic_loss     | 6.86     |
|    ent_coef        | 0.0328   |
|    ent_coef_loss   | 3.09     |
|    learning_rate   | 0.0003   |
|    n_updates       | 106474   |
---------------------------------
---------------------------------
| rollout/           |          |
|    ep_len_mean     | 500      |
|    ep_rew_mean     | -526     |
| time/              |          |
|    episodes        | 856      |
|    fps             | 290      |
|    time_elapsed    | 1474     |
|    total_timesteps | 428000   |
| train/             |          |
|    actor_loss      | 244      |
|    critic_loss     | 7.61     |
|    ent_coef        | 0.0326   |
|    ent_coef_loss   | 0.0746   |
|    learning_rate   | 0.0003   |
|    n_updates       | 106974   |
---------------------------------
Eval num_timesteps=430000, episode_reward=-616.48 +/- 211.50
Episode length: 500.00 +/- 0.00
---------------------------------
| eval/              |          |
|    mean_ep_length  | 500      |
|    mean_reward     | -616     |
| time/              |          |
|    total_timesteps | 430000   |
| train/             |          |
|    actor_loss      | 204      |
|    critic_loss     | 9.84     |
|    ent_coef        | 0.0325   |
|    ent_coef_loss   | -1.19    |
|    learning_rate   | 0.0003   |
|    n_updates       | 107474   |
---------------------------------
---------------------------------
| rollout/           |          |
|    ep_len_mean     | 500      |
|    ep_rew_mean     | -526     |
| time/              |          |
|    episodes        | 860      |
|    fps             | 289      |
|    time_elapsed    | 1486     |
|    total_timesteps | 430000   |
---------------------------------
---------------------------------
| rollout/           |          |
|    ep_len_mean     | 500      |
|    ep_rew_mean     | -527     |
| time/              |          |
|    episodes        | 864      |
|    fps             | 289      |
|    time_elapsed    | 1492     |
|    total_timesteps | 432000   |
| train/             |          |
|    actor_loss      | 217      |
|    critic_loss     | 9.56     |
|    ent_coef        | 0.0322   |
|    ent_coef_loss   | -1.32    |
|    learning_rate   | 0.0003   |
|    n_updates       | 107974   |
---------------------------------
---------------------------------
| rollout/           |          |
|    ep_len_mean     | 500      |
|    ep_rew_mean     | -527     |
| time/              |          |
|    episodes        | 868      |
|    fps             | 289      |
|    time_elapsed    | 1497     |
|    total_timesteps | 434000   |
| train/             |          |
|    actor_loss      | 216      |
|    critic_loss     | 9.35     |
|    ent_coef        | 0.0319   |
|    ent_coef_loss   | -1.85    |
|    learning_rate   | 0.0003   |
|    n_updates       | 108474   |
---------------------------------
---------------------------------
| rollout/           |          |
|    ep_len_mean     | 500      |
|    ep_rew_mean     | -527     |
| time/              |          |
|    episodes        | 872      |
|    fps             | 289      |
|    time_elapsed    | 1503     |
|    total_timesteps | 436000   |
| train/             |          |
|    actor_loss      | 257      |
|    critic_loss     | 9.34     |
|    ent_coef        | 0.0314   |
|    ent_coef_loss   | -0.462   |
|    learning_rate   | 0.0003   |
|    n_updates       | 108974   |
---------------------------------
---------------------------------
| rollout/           |          |
|    ep_len_mean     | 500      |
|    ep_rew_mean     | -527     |
| time/              |          |
|    episodes        | 876      |
|    fps             | 289      |
|    time_elapsed    | 1510     |
|    total_timesteps | 438000   |
| train/             |          |
|    actor_loss      | 218      |
|    critic_loss     | 7.14     |
|    ent_coef        | 0.0317   |
|    ent_coef_loss   | -1.7     |
|    learning_rate   | 0.0003   |
|    n_updates       | 109474   |
---------------------------------
Eval num_timesteps=440000, episode_reward=-524.78 +/- 65.54
Episode length: 500.00 +/- 0.00
---------------------------------
| eval/              |          |
|    mean_ep_length  | 500      |
|    mean_reward     | -525     |
| time/              |          |
|    total_timesteps | 440000   |
| train/             |          |
|    actor_loss      | 235      |
|    critic_loss     | 13.2     |
|    ent_coef        | 0.0312   |
|    ent_coef_loss   | -0.562   |
|    learning_rate   | 0.0003   |
|    n_updates       | 109974   |
---------------------------------
---------------------------------
| rollout/           |          |
|    ep_len_mean     | 500      |
|    ep_rew_mean     | -527     |
| time/              |          |
|    episodes        | 880      |
|    fps             | 289      |
|    time_elapsed    | 1520     |
|    total_timesteps | 440000   |
---------------------------------
---------------------------------
| rollout/           |          |
|    ep_len_mean     | 500      |
|    ep_rew_mean     | -527     |
| time/              |          |
|    episodes        | 884      |
|    fps             | 289      |
|    time_elapsed    | 1526     |
|    total_timesteps | 442000   |
| train/             |          |
|    actor_loss      | 202      |
|    critic_loss     | 5.01     |
|    ent_coef        | 0.0308   |
|    ent_coef_loss   | -2.78    |
|    learning_rate   | 0.0003   |
|    n_updates       | 110474   |
---------------------------------
---------------------------------
| rollout/           |          |
|    ep_len_mean     | 500      |
|    ep_rew_mean     | -527     |
| time/              |          |
|    episodes        | 888      |
|    fps             | 289      |
|    time_elapsed    | 1533     |
|    total_timesteps | 444000   |
| train/             |          |
|    actor_loss      | 240      |
|    critic_loss     | 9.12     |
|    ent_coef        | 0.0308   |
|    ent_coef_loss   | 0.18     |
|    learning_rate   | 0.0003   |
|    n_updates       | 110974   |
---------------------------------
---------------------------------
| rollout/           |          |
|    ep_len_mean     | 500      |
|    ep_rew_mean     | -527     |
| time/              |          |
|    episodes        | 892      |
|    fps             | 289      |
|    time_elapsed    | 1539     |
|    total_timesteps | 446000   |
| train/             |          |
|    actor_loss      | 245      |
|    critic_loss     | 9.85     |
|    ent_coef        | 0.0313   |
|    ent_coef_loss   | 0.363    |
|    learning_rate   | 0.0003   |
|    n_updates       | 111474   |
---------------------------------
---------------------------------
| rollout/           |          |
|    ep_len_mean     | 500      |
|    ep_rew_mean     | -524     |
| time/              |          |
|    episodes        | 896      |
|    fps             | 289      |
|    time_elapsed    | 1545     |
|    total_timesteps | 448000   |
| train/             |          |
|    actor_loss      | 210      |
|    critic_loss     | 6.85     |
|    ent_coef        | 0.0311   |
|    ent_coef_loss   | -0.504   |
|    learning_rate   | 0.0003   |
|    n_updates       | 111974   |
---------------------------------
Eval num_timesteps=450000, episode_reward=-530.27 +/- 86.82
Episode length: 500.00 +/- 0.00
---------------------------------
| eval/              |          |
|    mean_ep_length  | 500      |
|    mean_reward     | -530     |
| time/              |          |
|    total_timesteps | 450000   |
| train/             |          |
|    actor_loss      | 209      |
|    critic_loss     | 11       |
|    ent_coef        | 0.0315   |
|    ent_coef_loss   | -0.53    |
|    learning_rate   | 0.0003   |
|    n_updates       | 112474   |
---------------------------------
---------------------------------
| rollout/           |          |
|    ep_len_mean     | 500      |
|    ep_rew_mean     | -524     |
| time/              |          |
|    episodes        | 900      |
|    fps             | 289      |
|    time_elapsed    | 1554     |
|    total_timesteps | 450000   |
---------------------------------
---------------------------------
| rollout/           |          |
|    ep_len_mean     | 500      |
|    ep_rew_mean     | -524     |
| time/              |          |
|    episodes        | 904      |
|    fps             | 289      |
|    time_elapsed    | 1561     |
|    total_timesteps | 452000   |
| train/             |          |
|    actor_loss      | 229      |
|    critic_loss     | 6.47     |
|    ent_coef        | 0.0313   |
|    ent_coef_loss   | 0.643    |
|    learning_rate   | 0.0003   |
|    n_updates       | 112974   |
---------------------------------
---------------------------------
| rollout/           |          |
|    ep_len_mean     | 500      |
|    ep_rew_mean     | -524     |
| time/              |          |
|    episodes        | 908      |
|    fps             | 289      |
|    time_elapsed    | 1568     |
|    total_timesteps | 454000   |
| train/             |          |
|    actor_loss      | 228      |
|    critic_loss     | 5.68     |
|    ent_coef        | 0.0307   |
|    ent_coef_loss   | 2.98     |
|    learning_rate   | 0.0003   |
|    n_updates       | 113474   |
---------------------------------
---------------------------------
| rollout/           |          |
|    ep_len_mean     | 500      |
|    ep_rew_mean     | -524     |
| time/              |          |
|    episodes        | 912      |
|    fps             | 289      |
|    time_elapsed    | 1574     |
|    total_timesteps | 456000   |
| train/             |          |
|    actor_loss      | 214      |
|    critic_loss     | 22.3     |
|    ent_coef        | 0.0302   |
|    ent_coef_loss   | -0.228   |
|    learning_rate   | 0.0003   |
|    n_updates       | 113974   |
---------------------------------
---------------------------------
| rollout/           |          |
|    ep_len_mean     | 500      |
|    ep_rew_mean     | -524     |
| time/              |          |
|    episodes        | 916      |
|    fps             | 289      |
|    time_elapsed    | 1580     |
|    total_timesteps | 458000   |
| train/             |          |
|    actor_loss      | 214      |
|    critic_loss     | 14.1     |
|    ent_coef        | 0.0303   |
|    ent_coef_loss   | -1.02    |
|    learning_rate   | 0.0003   |
|    n_updates       | 114474   |
---------------------------------
Eval num_timesteps=460000, episode_reward=-500.82 +/- 0.40
Episode length: 500.00 +/- 0.00
---------------------------------
| eval/              |          |
|    mean_ep_length  | 500      |
|    mean_reward     | -501     |
| time/              |          |
|    total_timesteps | 460000   |
| train/             |          |
|    actor_loss      | 270      |
|    critic_loss     | 9.38     |
|    ent_coef        | 0.0298   |
|    ent_coef_loss   | 2.95     |
|    learning_rate   | 0.0003   |
|    n_updates       | 114974   |
---------------------------------
---------------------------------
| rollout/           |          |
|    ep_len_mean     | 500      |
|    ep_rew_mean     | -524     |
| time/              |          |
|    episodes        | 920      |
|    fps             | 288      |
|    time_elapsed    | 1592     |
|    total_timesteps | 460000   |
---------------------------------
---------------------------------
| rollout/           |          |
|    ep_len_mean     | 500      |
|    ep_rew_mean     | -525     |
| time/              |          |
|    episodes        | 924      |
|    fps             | 289      |
|    time_elapsed    | 1598     |
|    total_timesteps | 462000   |
| train/             |          |
|    actor_loss      | 211      |
|    critic_loss     | 6.2      |
|    ent_coef        | 0.0299   |
|    ent_coef_loss   | -0.809   |
|    learning_rate   | 0.0003   |
|    n_updates       | 115474   |
---------------------------------
---------------------------------
| rollout/           |          |
|    ep_len_mean     | 500      |
|    ep_rew_mean     | -519     |
| time/              |          |
|    episodes        | 928      |
|    fps             | 289      |
|    time_elapsed    | 1604     |
|    total_timesteps | 464000   |
| train/             |          |
|    actor_loss      | 233      |
|    critic_loss     | 16.5     |
|    ent_coef        | 0.03     |
|    ent_coef_loss   | 0.544    |
|    learning_rate   | 0.0003   |
|    n_updates       | 115974   |
---------------------------------
---------------------------------
| rollout/           |          |
|    ep_len_mean     | 500      |
|    ep_rew_mean     | -519     |
| time/              |          |
|    episodes        | 932      |
|    fps             | 289      |
|    time_elapsed    | 1610     |
|    total_timesteps | 466000   |
| train/             |          |
|    actor_loss      | 232      |
|    critic_loss     | 10.7     |
|    ent_coef        | 0.0298   |
|    ent_coef_loss   | 2.82     |
|    learning_rate   | 0.0003   |
|    n_updates       | 116474   |
---------------------------------
---------------------------------
| rollout/           |          |
|    ep_len_mean     | 500      |
|    ep_rew_mean     | -514     |
| time/              |          |
|    episodes        | 936      |
|    fps             | 289      |
|    time_elapsed    | 1617     |
|    total_timesteps | 468000   |
| train/             |          |
|    actor_loss      | 202      |
|    critic_loss     | 5.68     |
|    ent_coef        | 0.0298   |
|    ent_coef_loss   | 0.384    |
|    learning_rate   | 0.0003   |
|    n_updates       | 116974   |
---------------------------------
Eval num_timesteps=470000, episode_reward=-501.37 +/- 1.06
Episode length: 500.00 +/- 0.00
---------------------------------
| eval/              |          |
|    mean_ep_length  | 500      |
|    mean_reward     | -501     |
| time/              |          |
|    total_timesteps | 470000   |
| train/             |          |
|    actor_loss      | 228      |
|    critic_loss     | 8.43     |
|    ent_coef        | 0.0292   |
|    ent_coef_loss   | 0.834    |
|    learning_rate   | 0.0003   |
|    n_updates       | 117474   |
---------------------------------
---------------------------------
| rollout/           |          |
|    ep_len_mean     | 500      |
|    ep_rew_mean     | -514     |
| time/              |          |
|    episodes        | 940      |
|    fps             | 288      |
|    time_elapsed    | 1629     |
|    total_timesteps | 470000   |
---------------------------------
---------------------------------
| rollout/           |          |
|    ep_len_mean     | 500      |
|    ep_rew_mean     | -514     |
| time/              |          |
|    episodes        | 944      |
|    fps             | 288      |
|    time_elapsed    | 1636     |
|    total_timesteps | 472000   |
| train/             |          |
|    actor_loss      | 269      |
|    critic_loss     | 7.49     |
|    ent_coef        | 0.0288   |
|    ent_coef_loss   | 4.35     |
|    learning_rate   | 0.0003   |
|    n_updates       | 117974   |
---------------------------------
---------------------------------
| rollout/           |          |
|    ep_len_mean     | 500      |
|    ep_rew_mean     | -509     |
| time/              |          |
|    episodes        | 948      |
|    fps             | 288      |
|    time_elapsed    | 1644     |
|    total_timesteps | 474000   |
| train/             |          |
|    actor_loss      | 225      |
|    critic_loss     | 6.35     |
|    ent_coef        | 0.0289   |
|    ent_coef_loss   | 2.07     |
|    learning_rate   | 0.0003   |
|    n_updates       | 118474   |
---------------------------------
---------------------------------
| rollout/           |          |
|    ep_len_mean     | 500      |
|    ep_rew_mean     | -509     |
| time/              |          |
|    episodes        | 952      |
|    fps             | 288      |
|    time_elapsed    | 1651     |
|    total_timesteps | 476000   |
| train/             |          |
|    actor_loss      | 237      |
|    critic_loss     | 7.16     |
|    ent_coef        | 0.0285   |
|    ent_coef_loss   | 1.92     |
|    learning_rate   | 0.0003   |
|    n_updates       | 118974   |
---------------------------------
---------------------------------
| rollout/           |          |
|    ep_len_mean     | 500      |
|    ep_rew_mean     | -509     |
| time/              |          |
|    episodes        | 956      |
|    fps             | 288      |
|    time_elapsed    | 1656     |
|    total_timesteps | 478000   |
| train/             |          |
|    actor_loss      | 218      |
|    critic_loss     | 7.75     |
|    ent_coef        | 0.0284   |
|    ent_coef_loss   | -0.764   |
|    learning_rate   | 0.0003   |
|    n_updates       | 119474   |
---------------------------------
Eval num_timesteps=480000, episode_reward=-814.38 +/- 367.77
Episode length: 500.00 +/- 0.00
---------------------------------
| eval/              |          |
|    mean_ep_length  | 500      |
|    mean_reward     | -814     |
| time/              |          |
|    total_timesteps | 480000   |
| train/             |          |
|    actor_loss      | 217      |
|    critic_loss     | 8.12     |
|    ent_coef        | 0.0283   |
|    ent_coef_loss   | 1.79     |
|    learning_rate   | 0.0003   |
|    n_updates       | 119974   |
---------------------------------
---------------------------------
| rollout/           |          |
|    ep_len_mean     | 500      |
|    ep_rew_mean     | -509     |
| time/              |          |
|    episodes        | 960      |
|    fps             | 288      |
|    time_elapsed    | 1666     |
|    total_timesteps | 480000   |
---------------------------------
---------------------------------
| rollout/           |          |
|    ep_len_mean     | 500      |
|    ep_rew_mean     | -509     |
| time/              |          |
|    episodes        | 964      |
|    fps             | 288      |
|    time_elapsed    | 1672     |
|    total_timesteps | 482000   |
| train/             |          |
|    actor_loss      | 215      |
|    critic_loss     | 8.73     |
|    ent_coef        | 0.0282   |
|    ent_coef_loss   | -1.79    |
|    learning_rate   | 0.0003   |
|    n_updates       | 120474   |
---------------------------------
---------------------------------
| rollout/           |          |
|    ep_len_mean     | 500      |
|    ep_rew_mean     | -509     |
| time/              |          |
|    episodes        | 968      |
|    fps             | 288      |
|    time_elapsed    | 1678     |
|    total_timesteps | 484000   |
| train/             |          |
|    actor_loss      | 203      |
|    critic_loss     | 4.33     |
|    ent_coef        | 0.0282   |
|    ent_coef_loss   | -3.42    |
|    learning_rate   | 0.0003   |
|    n_updates       | 120974   |
---------------------------------
---------------------------------
| rollout/           |          |
|    ep_len_mean     | 500      |
|    ep_rew_mean     | -510     |
| time/              |          |
|    episodes        | 972      |
|    fps             | 288      |
|    time_elapsed    | 1684     |
|    total_timesteps | 486000   |
| train/             |          |
|    actor_loss      | 215      |
|    critic_loss     | 8.12     |
|    ent_coef        | 0.0278   |
|    ent_coef_loss   | -1.53    |
|    learning_rate   | 0.0003   |
|    n_updates       | 121474   |
---------------------------------
---------------------------------
| rollout/           |          |
|    ep_len_mean     | 500      |
|    ep_rew_mean     | -510     |
| time/              |          |
|    episodes        | 976      |
|    fps             | 288      |
|    time_elapsed    | 1690     |
|    total_timesteps | 488000   |
| train/             |          |
|    actor_loss      | 188      |
|    critic_loss     | 20.2     |
|    ent_coef        | 0.0278   |
|    ent_coef_loss   | -1.74    |
|    learning_rate   | 0.0003   |
|    n_updates       | 121974   |
---------------------------------
Eval num_timesteps=490000, episode_reward=-501.58 +/- 1.94
Episode length: 500.00 +/- 0.00
---------------------------------
| eval/              |          |
|    mean_ep_length  | 500      |
|    mean_reward     | -502     |
| time/              |          |
|    total_timesteps | 490000   |
| train/             |          |
|    actor_loss      | 204      |
|    critic_loss     | 6.42     |
|    ent_coef        | 0.0281   |
|    ent_coef_loss   | -1.27    |
|    learning_rate   | 0.0003   |
|    n_updates       | 122474   |
---------------------------------
---------------------------------
| rollout/           |          |
|    ep_len_mean     | 500      |
|    ep_rew_mean     | -511     |
| time/              |          |
|    episodes        | 980      |
|    fps             | 288      |
|    time_elapsed    | 1700     |
|    total_timesteps | 490000   |
---------------------------------
---------------------------------
| rollout/           |          |
|    ep_len_mean     | 500      |
|    ep_rew_mean     | -510     |
| time/              |          |
|    episodes        | 984      |
|    fps             | 288      |
|    time_elapsed    | 1706     |
|    total_timesteps | 492000   |
| train/             |          |
|    actor_loss      | 252      |
|    critic_loss     | 11       |
|    ent_coef        | 0.0276   |
|    ent_coef_loss   | 4.57     |
|    learning_rate   | 0.0003   |
|    n_updates       | 122974   |
---------------------------------
---------------------------------
| rollout/           |          |
|    ep_len_mean     | 500      |
|    ep_rew_mean     | -510     |
| time/              |          |
|    episodes        | 988      |
|    fps             | 288      |
|    time_elapsed    | 1713     |
|    total_timesteps | 494000   |
| train/             |          |
|    actor_loss      | 231      |
|    critic_loss     | 5.1      |
|    ent_coef        | 0.0276   |
|    ent_coef_loss   | 0.405    |
|    learning_rate   | 0.0003   |
|    n_updates       | 123474   |
---------------------------------
---------------------------------
| rollout/           |          |
|    ep_len_mean     | 500      |
|    ep_rew_mean     | -510     |
| time/              |          |
|    episodes        | 992      |
|    fps             | 288      |
|    time_elapsed    | 1720     |
|    total_timesteps | 496000   |
| train/             |          |
|    actor_loss      | 206      |
|    critic_loss     | 8.08     |
|    ent_coef        | 0.0275   |
|    ent_coef_loss   | -0.873   |
|    learning_rate   | 0.0003   |
|    n_updates       | 123974   |
---------------------------------
---------------------------------
| rollout/           |          |
|    ep_len_mean     | 500      |
|    ep_rew_mean     | -510     |
| time/              |          |
|    episodes        | 996      |
|    fps             | 288      |
|    time_elapsed    | 1727     |
|    total_timesteps | 498000   |
| train/             |          |
|    actor_loss      | 225      |
|    critic_loss     | 7.61     |
|    ent_coef        | 0.0274   |
|    ent_coef_loss   | 2.02     |
|    learning_rate   | 0.0003   |
|    n_updates       | 124474   |
---------------------------------
Eval num_timesteps=500000, episode_reward=-502.78 +/- 3.86
Episode length: 500.00 +/- 0.00
---------------------------------
| eval/              |          |
|    mean_ep_length  | 500      |
|    mean_reward     | -503     |
| time/              |          |
|    total_timesteps | 500000   |
| train/             |          |
|    actor_loss      | 206      |
|    critic_loss     | 12       |
|    ent_coef        | 0.0278   |
|    ent_coef_loss   | -0.0593  |
|    learning_rate   | 0.0003   |
|    n_updates       | 124974   |
---------------------------------
---------------------------------
| rollout/           |          |
|    ep_len_mean     | 500      |
|    ep_rew_mean     | -510     |
| time/              |          |
|    episodes        | 1000     |
|    fps             | 287      |
|    time_elapsed    | 1737     |
|    total_timesteps | 500000   |
---------------------------------
 100% ━━━━━━━━━━━━━━━━━━━━━━━━ 500,000/500,000  [ 0:28:57 < 0:00:00 , 251 it/s ]
[SAC] Model saved → sac_fruitninja.zip
